t_opt,N_max,first_accept_all_good,status,ASN_w[equal],U_w[equal],ASN_w[near_threshold],U_w[near_threshold],ASN_w[far_threshold],U_w[far_threshold]
25,50,27,SUCCESS_EXACT,43.130885676793206,0.7282583996646002,46.73323996781519,0.8686884967410079,38.951323335467215,0.5687837374165928
25,100,27,SUCCESS_EXACT,76.28802859142851,0.6153179278445315,88.61842251760167,0.8139639611817239,62.471649320013064,0.4007184284033237
25,200,27,SUCCESS_EXACT,133.21433496945136,0.5299691138442016,167.4678480604777,0.7650880401936371,96.35251550447408,0.288288540768408
25,400,27,SUCCESS_EXACT,230.15285526630032,0.44946576320956527,313.90128165805197,0.7039930627830461,143.95376997476328,0.2022324266812177
25,800,27,SUCCESS_EXACT,391.36937186754074,0.36641871136729554,577.6342430045815,0.6207487464643594,209.4678180636158,0.136936963057295
25,1600,27,SUCCESS_EXACT,646.9387598821361,0.282237948340511,1027.9500899485881,0.5140906064646636,297.18319571541923,0.08997030061797254
25,3200,27,SUCCESS_EXACT,1029.3252430591874,0.207359857639206,1748.7704390503682,0.40130493807070367,410.36282159517947,0.05791664351659962
50,50,32,SUCCESS_EXACT,44.76070930245446,0.7583185147312089,47.9359654248188,0.8990074966105879,41.02280465642092,0.5978745630485117
50,100,32,SUCCESS_EXACT,78.58288692169057,0.6250137985980199,90.83392501663586,0.830728396662059,64.85787808739417,0.403701273986661
50,200,32,SUCCESS_EXACT,135.51023799275706,0.5239158626503668,170.5322494157821,0.7669510054619189,98.02911305311409,0.27645012524268014
50,400,32,SUCCESS_EXACT,231.0533458253005,0.4399318442186028,316.57435202000596,0.6974525249237342,143.7319223117599,0.19266682054803497
50,800,32,SUCCESS_EXACT,387.88230518329874,0.3537445126393298,575.9301843287374,0.6057788765223078,206.01135218804717,0.12935006106958039
50,1600,32,SUCCESS_EXACT,633.4635499557216,0.2701397731439985,1012.856863092052,0.4963833425944191,288.6620308895688,0.08458628861831473
50,3200,32,SUCCESS_EXACT,998.8784718924264,0.19805295225932582,1706.4367802237389,0.3853121081780254,395.33244001680873,0.05477325179250507
100,100,39,SUCCESS_EXACT,81.41555523572497,0.6403457171337317,92.99102274657916,0.850385159635446,68.35660570466449,0.4143769322955675
100,200,39,SUCCESS_EXACT,139.0053680147145,0.52674885506299,173.94332235887427,0.7752862601922028,101.64626804803324,0.27480056700834443
100,400,39,SUCCESS_EXACT,233.99342237970512,0.4338562848639173,320.24834317977206,0.6937176218154217,146.32512602942867,0.18642339138116745
100,800,39,SUCCESS_EXACT,387.49731726570104,0.34401084884187927,576.2235108694667,0.5939811878300499,206.22655326607122,0.12370557811968966
100,1600,39,SUCCESS_EXACT,624.6612088343613,0.2596307907468778,1001.5052732689405,0.4805331121292034,284.7750796357627,0.08010222345827293
100,3200,39,SUCCESS_EXACT,975.1903131039081,0.18980786161980986,1670.5897513809057,0.3708435256483686,385.956118021406,0.052085823563249034
200,200,49,SUCCESS_EXACT,144.97067676946807,0.5401676263082312,178.70254861172114,0.794304920852198,108.70944554010643,0.28234626742950597
200,400,49,SUCCESS_EXACT,241.0634018542347,0.4357603285754453,327.16135049908195,0.6998763699584296,153.60629604109857,0.18541998315144842
200,800,49,SUCCESS_EXACT,393.3277610424072,0.3384570869778877,582.5874965989328,0.5882186556022472,212.28294451330515,0.12009142330671832
200,1600,49,SUCCESS_EXACT,624.7873132429132,0.25215523528690487,1000.3306439981191,0.4694816054900317,287.93212188052377,0.07685141960222146
200,3200,49,SUCCESS_EXACT,963.6881007735731,0.18310393204775063,1650.3722898419405,0.35907773609178906,384.81885379224815,0.04991335013887507
400,400,63,SUCCESS_EXACT,252.98222967584815,0.4444482325506446,337.5068486986281,0.7146976284699693,166.6755595378358,0.18847325057142247
400,800,63,SUCCESS_EXACT,406.9787971651241,0.33899057116430453,596.4580002577842,0.5914712741827649,225.71750918123936,0.11927733233098507
400,1600,63,SUCCESS_EXACT,636.0902079817746,0.2473594399719632,1011.9113842891386,0.46288167492126603,299.8747812888794,0.07460855365822759
400,3200,63,SUCCESS_EXACT,966.9381747035455,0.1780307211852789,1649.0853600344426,0.3502482634572374,393.70845776196956,0.04826073919555537
800,800,84,SUCCESS_EXACT,429.9737518516821,0.3464464814191582,618.6119199163599,0.604760905643471,248.41935836851843,0.12175772224440942
800,1600,84,SUCCESS_EXACT,661.3062772553068,0.24690427152894537,1038.9038593741363,0.4634703744248586,322.99387706243346,0.07398771761363059
800,3200,84,SUCCESS_EXACT,988.4418013774587,0.17481307781600858,1670.801389029022,0.344811466692115,415.23802764222836,0.04717929673570832
1600,1600,114,SUCCESS_EXACT,705.1796836208342,0.25298218871159195,1085.966061190763,0.47495783308909195,361.4845763960915,0.07576389135188456
1600,3200,114,SUCCESS_EXACT,1035.5164520675278,0.17459872281721636,1724.7974133712555,0.34494755339401156,454.4163958758483,0.046990274423514805
