t_opt,N_max,p,ASN,P50,P90,P_accept,P_reject,P_undecided,mass_residual,status
25,50,0.01,49.38888275999029,49,50,0.6111172395328651,1.308133166772889e-11,0.3888827604540532,4.440892098500626e-16,SUCCESS_EXACT
25,50,0.03,49.77518855746358,50,50,0.2248096653066056,5.891831792799296e-08,0.775190275775075,1.4432899320127035e-15,SUCCESS_EXACT
25,50,0.05,49.91890320278926,50,50,0.08099471081759278,4.189620827211177e-06,0.9190010995615778,2.220446049250313e-15,SUCCESS_EXACT
25,50,0.07,49.969904152976234,50,50,0.028553837205777133,7.688060951940014e-05,0.9713692821847009,2.55351295663786e-15,SUCCESS_EXACT
25,50,0.08,49.978685200600324,50,50,0.01681138677374294,0.0002432207367981099,0.9829453924894607,1.7763568394002505e-15,SUCCESS_EXACT
25,50,0.09,49.9786904800185,50,50,0.00984075056308297,0.0006624557973272548,0.9894967936395911,1.3322676295501878e-15,SUCCESS_EXACT
25,50,0.1,49.96815914421356,50,50,0.005726416897022355,0.001593668639565667,0.9926799144634136,1.5543122344752192e-15,SUCCESS_EXACT
25,50,0.11,49.942533123790085,50,50,0.0033121525075899055,0.0034527898599798603,0.993235057632431,8.881784197001252e-16,SUCCESS_EXACT
25,50,0.12,49.89436928063983,50,50,0.0019039298172423863,0.006840410647065058,0.9912556595356927,2.220446049250313e-16,SUCCESS_EXACT
25,50,0.13,49.81337238997622,50,50,0.0010875353396039601,0.012543428528383917,0.986369036132012,1.1102230246251565e-16,SUCCESS_EXACT
25,50,0.15,49.499501808298845,50,50,0.00034795842789729273,0.03473522512084927,0.9649168164512519,1.5543122344752192e-15,SUCCESS_EXACT
25,50,0.2,47.13484810798364,50,50,1.784059615882454e-05,0.19289856214104292,0.8070835972628011,2.886579864025407e-15,SUCCESS_EXACT
25,50,0.3,34.6175644755399,35,50,2.5692357752105807e-08,0.7713568420274973,0.22864313228014332,1.5543122344752192e-15,SUCCESS_EXACT
25,100,0.01,59.46405617317424,49,85,0.9525027957501867,1.3081482046105037e-11,0.04749720423673124,5.551115123125783e-16,SUCCESS_EXACT
25,100,0.03,80.15270281326619,85,100,0.5671478690209666,5.941378749746334e-08,0.4328520715652437,2.220446049250313e-15,SUCCESS_EXACT
25,100,0.05,92.22783097213568,100,100,0.23440385556968918,4.625043610361997e-06,0.7655915193866963,4.107825191113079e-15,SUCCESS_EXACT
25,100,0.07,97.31360037301113,100,100,0.08007891726029923,0.00010848411755456626,0.9198125986221405,5.773159728050814e-15,SUCCESS_EXACT
25,100,0.08,98.45155290103898,100,100,0.044814754416882235,0.000402670070832141,0.9547825755122894,3.774758283725532e-15,SUCCESS_EXACT
25,100,0.09,99.08013412663034,100,100,0.024589102348423656,0.001288491184049057,0.9741224064675299,2.6645352591003757e-15,SUCCESS_EXACT
25,100,0.1,99.36488757732987,100,100,0.013293763612387485,0.0035955151271722806,0.983110721260443,2.6645352591003757e-15,SUCCESS_EXACT
25,100,0.11,99.37452632940649,100,100,0.007109817222289673,0.008843817054619153,0.9840463657230928,1.5543122344752192e-15,SUCCESS_EXACT
25,100,0.12,99.10290536301945,100,100,0.003773538236911681,0.01938484954820648,0.9768416122148821,2.220446049250313e-16,SUCCESS_EXACT
25,100,0.13,98.48974876451435,100,100,0.0019925137724063338,0.038278657208488345,0.9597288290191052,1.1102230246251565e-16,SUCCESS_EXACT
25,100,0.15,95.8653982811027,100,100,0.0005508667684341579,0.113709891511214,0.8857392417203493,2.4424906541753444e-15,SUCCESS_EXACT
25,100,0.2,78.93350712763032,95,100,2.1752613263144132e-05,0.5294492130716386,0.47052903431510285,4.440892098500626e-15,SUCCESS_EXACT
25,100,0.3,38.50448924601319,35,66,2.6333739194770113e-08,0.9889099004271369,0.011090073239122122,1.7763568394002505e-15,SUCCESS_EXACT
25,200,0.01,59.88420839740539,49,85,0.9999823671350092,1.3081482046105037e-11,1.7632851908692085e-05,5.551115123125783e-16,SUCCESS_EXACT
25,200,0.03,96.31839457626454,85,163,0.9540767176792873,5.9415166002274707e-08,0.04592322290554381,2.886579864025407e-15,SUCCESS_EXACT
25,200,0.05,147.2163365083756,163,200,0.6044199183180372,4.6473998964344375e-06,0.3955754342820598,6.439293542825908e-15,SUCCESS_EXACT
25,200,0.07,181.6320786356282,200,200,0.21650484256654728,0.00011754508016076946,0.7833776123532816,1.0325074129013956e-14,SUCCESS_EXACT
25,200,0.08,190.11918418047492,200,200,0.11115959675020129,0.0004876007910755161,0.8883528024587307,7.549516567451064e-15,SUCCESS_EXACT
25,200,0.09,194.72385292872264,200,200,0.05371556101265995,0.0018355838577597617,0.9444488551295857,5.329070518200751e-15,SUCCESS_EXACT
25,200,0.1,196.79272254712086,200,200,0.025131151595533596,0.0061639905921989065,0.9687048578122729,5.329070518200751e-15,SUCCESS_EXACT
25,200,0.11,196.9987920836615,200,200,0.011653783292915049,0.01802987097128384,0.9703163457358042,3.1086244689504383e-15,SUCCESS_EXACT
25,200,0.12,195.36389424279645,200,200,0.0054474346682846266,0.04532324553486709,0.9492293197968487,4.440892098500626e-16,SUCCESS_EXACT
25,200,0.13,191.47430368195214,200,200,0.0025914718855761386,0.09785914731456061,0.8995493807998631,1.1102230246251565e-16,SUCCESS_EXACT
25,200,0.15,175.1415495513777,200,200,0.0006233850004743554,0.3004286586918915,0.6989479563076293,4.884981308350689e-15,SUCCESS_EXACT
25,200,0.2,104.1474311440776,95,200,2.205188101972704e-05,0.8941542778333953,0.10582367028559021,5.329070518200751e-15,SUCCESS_EXACT
25,200,0.3,38.6681026709347,35,66,2.6335342020344455e-08,0.9999925104679395,7.463196717200449e-06,1.3322676295501878e-15,SUCCESS_EXACT
25,400,0.01,59.88442563336995,49,85,0.9999999999866305,1.3081482046105037e-11,2.8726374620396167e-13,7.771561172376096e-16,SUCCESS_EXACT
25,400,0.03,98.1323937011507,85,163,0.9997704514763692,5.941516604057572e-08,0.00022948910846173803,2.9976021664879227e-15,SUCCESS_EXACT
25,400,0.05,188.54439008449268,163,381,0.9144281093634335,4.647515753043013e-06,0.08556724312080513,8.326672684688674e-15,SUCCESS_EXACT
25,400,0.07,316.6293157796493,400,400,0.4235329588718466,0.00011836855037607414,0.5763486725777597,1.765254609153999e-14,SUCCESS_EXACT
25,400,0.08,358.03953878866315,400,400,0.20406357637585304,0.000508607903103293,0.7954278157210583,1.4654943925052066e-14,SUCCESS_EXACT
25,400,0.09,380.1634719258128,400,400,0.08489722484898171,0.00213546115651829,0.91296731399451,9.992007221626409e-15,SUCCESS_EXACT
25,400,0.1,389.2615998978705,400,400,0.03351344226695766,0.008739207654550362,0.9577473500785024,1.0436096431476471e-14,SUCCESS_EXACT
25,400,0.11,389.3665827774468,400,400,0.013566728069144204,0.032038917715139656,0.9543943542157217,5.551115123125783e-15,SUCCESS_EXACT
25,400,0.12,380.13139317937555,400,400,0.005835941548337938,0.09596849023898268,0.89819556821268,6.661338147750939e-16,SUCCESS_EXACT
25,400,0.13,358.8388611328927,400,400,0.002664166355559612,0.22540566523069236,0.7719301684137478,2.220446049250313e-16,SUCCESS_EXACT
25,400,0.15,280.60673050254235,313,400,0.0006255349372820128,0.6275865752992822,0.37178788976342825,7.549516567451064e-15,SUCCESS_EXACT
25,400,0.2,109.95461524647874,95,203,2.205203006052046e-05,0.9975799589213473,0.0023979890485976265,5.551115123125783e-15,SUCCESS_EXACT
25,400,0.3,38.668196840109786,35,66,2.6335342020344455e-08,0.9999999736642362,4.1994372385608056e-13,1.7763568394002505e-15,SUCCESS_EXACT
25,800,0.01,59.884425633373134,49,85,0.9999999999869178,1.3081482046105037e-11,0.0,6.661338147750939e-16,SUCCESS_EXACT
25,800,0.03,98.14021777342687,85,163,0.9999999397292193,5.941516604057572e-08,8.556119259971717e-10,2.7755575615628914e-15,SUCCESS_EXACT
25,800,0.05,197.83468857006733,163,381,0.9980135935688332,4.6475157664263775e-06,0.0019817589153916905,8.659739592076221e-15,SUCCESS_EXACT
25,800,0.07,483.3670391165103,483,800,0.7151693687403895,0.00011838367106149662,0.2847122475885215,2.7533531010703882e-14,SUCCESS_EXACT
25,800,0.08,644.6718008312498,800,800,0.35616167774656216,0.0005106224211189806,0.6433276998323454,2.6645352591003757e-14,SUCCESS_EXACT
25,800,0.09,736.7834497349007,800,800,0.12480389836529615,0.0022382367723573385,0.8729578648623665,1.9984014443252818e-14,SUCCESS_EXACT
25,800,0.1,770.4110241991876,800,800,0.03963971360384983,0.010977888358919989,0.9493823980372511,2.0872192862952943e-14,SUCCESS_EXACT
25,800,0.11,766.4741851988676,800,800,0.01420635981538328,0.053891102519793586,0.9319025376648338,1.0658141036401503e-14,SUCCESS_EXACT
25,800,0.12,719.2906823438221,800,800,0.005887561256777779,0.1976900798828318,0.796422358860392,1.5543122344752192e-15,SUCCESS_EXACT
25,800,0.13,617.7180665308807,800,800,0.002667665557934775,0.4713964319721214,0.5259359024699429,8.881784197001252e-16,SUCCESS_EXACT
25,800,0.15,356.62144018759307,313,728,0.0006255457044195014,0.9272646208040807,0.07210983349148933,1.0436096431476471e-14,SUCCESS_EXACT
25,800,0.2,110.07349391726824,95,203,2.2052030061207455e-05,0.9999776255782217,3.223917232460571e-07,6.217248937900877e-15,SUCCESS_EXACT
25,800,0.3,38.66819684011534,35,66,2.6335342020344455e-08,0.9999999736646558,0.0,2.220446049250313e-15,SUCCESS_EXACT
25,1600,0.01,59.884425633373134,49,85,0.9999999999869178,1.3081482046105037e-11,0.0,6.661338147750939e-16,SUCCESS_EXACT
25,1600,0.03,98.1402177946969,85,163,0.9999999405848309,5.941516604057572e-08,0.0,3.1086244689504383e-15,SUCCESS_EXACT
25,1600,0.05,198.0102195534471,163,381,0.9999951768000646,4.6475157664263775e-06,1.756841597877971e-07,9.2148511043888e-15,SUCCESS_EXACT
25,1600,0.07,591.6186142617294,483,1283,0.9535465895836225,0.00011838369876615926,0.04633502671757745,3.3861802251067274e-14,SUCCESS_EXACT
25,1600,0.08,1052.8294275881847,1225,1600,0.6088496417126252,0.0005106774348031722,0.39063968085261497,4.3298697960381105e-14,SUCCESS_EXACT
25,1600,0.09,1409.5270779612847,1600,1600,0.18659015676768603,0.002258927216479796,0.8111509160158724,3.8191672047105385e-14,SUCCESS_EXACT
25,1600,0.1,1526.9531251107962,1600,1600,0.04411623500301159,0.012835792935591572,0.9430479720614378,4.085620730620576e-14,SUCCESS_EXACT
25,1600,0.11,1496.0307144795256,1600,1600,0.014345013543310308,0.09337693996087246,0.8922780464958389,2.1538326677728037e-14,SUCCESS_EXACT
25,1600,0.12,1271.9221014586424,1600,1600,0.005890108999297518,0.40819875015863,0.5859111408420755,3.1086244689504383e-15,SUCCESS_EXACT
25,1600,0.13,885.7468521870569,846,1600,0.0026676979467857766,0.8122170868760352,0.1851152151771776,1.3322676295501878e-15,SUCCESS_EXACT
25,1600,0.15,370.9402989809045,313,728,0.0006255457063561148,0.9983332786308752,0.0010411756627583177,1.0436096431476471e-14,SUCCESS_EXACT
25,1600,0.2,110.07350721105286,95,203,2.2052030061207455e-05,0.9999779479699431,3.5872061762316518e-16,4.6629367034256575e-15,SUCCESS_EXACT
25,1600,0.3,38.66819684011534,35,66,2.6335342020344455e-08,0.9999999736646558,0.0,2.220446049250313e-15,SUCCESS_EXACT
25,3200,0.01,59.884425633373134,49,85,0.9999999999869178,1.3081482046105037e-11,0.0,6.661338147750939e-16,SUCCESS_EXACT
25,3200,0.03,98.1402177946969,85,163,0.9999999405848309,5.941516604057572e-08,0.0,3.1086244689504383e-15,SUCCESS_EXACT
25,3200,0.05,198.01023315847166,163,381,0.9999953524842237,4.6475157664263775e-06,0.0,9.880984919163893e-15,SUCCESS_EXACT
25,3200,0.07,608.503547173459,483,1283,0.999451401547761,0.0001183836987670055,0.00043021475343667476,3.530509218307998e-14,SUCCESS_EXACT
25,3200,0.08,1412.970768047289,1225,3200,0.8937546037986202,0.0005106776236930089,0.10573471857774493,5.81756864903582e-14,SUCCESS_EXACT
25,3200,0.09,2616.8337027185576,3200,3200,0.2995900768694237,0.002260767794889562,0.6981491553357588,7.194245199571014e-14,SUCCESS_EXACT
25,3200,0.1,3031.4616362503875,3200,3200,0.04734640477384257,0.014302886835674605,0.9383507083905641,8.126832540256146e-14,SUCCESS_EXACT
25,3200,0.11,2858.76649681499,3200,3200,0.014359868186034151,0.1760228642177702,0.8096172675962363,4.063416270128073e-14,SUCCESS_EXACT
25,3200,0.12,1917.688898718988,1945,3200,0.0058901326577697755,0.7449174773962635,0.2491923899459699,3.1086244689504383e-15,SUCCESS_EXACT
25,3200,0.13,990.5170694676787,846,1993,0.0026676979628026546,0.9863485473546524,0.010983754682544306,6.661338147750939e-16,SUCCESS_EXACT
25,3200,0.15,371.11376836249354,313,728,0.0006255457063561148,0.9993744217072539,3.25863787109121e-08,1.1324274851176597e-14,SUCCESS_EXACT
25,3200,0.2,110.07350721105286,95,203,2.2052030061207455e-05,0.9999779479699431,0.0,4.218847493575595e-15,SUCCESS_EXACT
25,3200,0.3,38.66819684011534,35,66,2.6335342020344455e-08,0.9999999736646558,0.0,2.220446049250313e-15,SUCCESS_EXACT
50,50,0.01,49.99999999999868,50,50,0.0,3.999347022284153e-14,0.9999999999999597,3.3306690738754696e-16,SUCCESS_EXACT
50,50,0.03,49.99999996046185,50,50,0.0,1.7366743571005751e-09,0.9999999982633242,1.4432899320127035e-15,SUCCESS_EXACT
50,50,0.05,49.99999397780631,50,50,0.0,3.6010235777082754e-07,0.99999963989764,2.220446049250313e-15,SUCCESS_EXACT
50,50,0.07,49.9998347301383,50,50,0.0,1.2327119332946943e-05,0.9999876728806645,2.55351295663786e-15,SUCCESS_EXACT
50,50,0.08,49.999397595383186,50,50,0.0,4.863137943819319e-05,0.9999513686205634,1.5543122344752192e-15,SUCCESS_EXACT
50,50,0.09,49.998149800776496,50,50,0.0,0.00015890492174458476,0.9998410950782567,1.3322676295501878e-15,SUCCESS_EXACT
50,50,0.1,49.99505136885371,50,50,0.0,0.00044564470534753394,0.9995543552946542,1.7763568394002505e-15,SUCCESS_EXACT
50,50,0.11,49.98819287291037,50,50,0.0,0.0011013261775479168,0.9988986738224529,8.881784197001252e-16,SUCCESS_EXACT
50,50,0.12,49.97440849613834,50,50,0.0,0.00244697925075385,0.9975530207492463,2.220446049250313e-16,SUCCESS_EXACT
50,50,0.13,49.948894450200726,50,50,0.0,0.00496497201168557,0.9950350279883144,0.0,SUCCESS_EXACT
50,50,0.15,49.833667629991076,50,50,0.0,0.016320294498920963,0.9836797055010776,1.4432899320127035e-15,SUCCESS_EXACT
50,50,0.2,48.65269029783545,50,50,0.0,0.12352670169785453,0.8764732983021485,3.1086244689504383e-15,SUCCESS_EXACT
50,50,0.3,39.241451631238036,42,50,0.0,0.6887036706089302,0.31129632939106805,1.7763568394002505e-15,SUCCESS_EXACT
50,100,0.01,72.64456653699203,62,94,0.936588056597874,4.0003284860047154e-14,0.0634119434020853,6.661338147750939e-16,SUCCESS_EXACT
50,100,0.03,89.38524795053392,100,100,0.48694451876039435,1.8354890601583956e-09,0.5130554794041142,2.4424906541753444e-15,SUCCESS_EXACT
50,100,0.05,96.72036081957141,100,100,0.16561395070502027,5.071016304061548e-07,0.8343855421933449,4.440892098500626e-15,SUCCESS_EXACT
50,100,0.07,99.11224023102551,100,100,0.04516137787254817,2.7157116638804515e-05,0.9548114650108076,5.440092820663267e-15,SUCCESS_EXACT
50,100,0.08,99.54945200612626,100,100,0.022361662094143638,0.00013309664261329735,0.9775052412632468,3.774758283725532e-15,SUCCESS_EXACT
50,100,0.09,99.76148107091817,100,100,0.010785937595263938,0.0005258997394439757,0.9886881626652948,2.6645352591003757e-15,SUCCESS_EXACT
50,100,0.1,99.83605602371918,100,100,0.005092576799548592,0.0017245789395459368,0.9931828442609086,3.1086244689504383e-15,SUCCESS_EXACT
50,100,0.11,99.79800221407584,100,100,0.002362716791930259,0.004810529824070352,0.9928267533840008,1.5543122344752192e-15,SUCCESS_EXACT
50,100,0.12,99.62417099321611,100,100,0.0010805275262920308,0.011655661464503813,0.9872638110092042,0.0,SUCCESS_EXACT
50,100,0.13,99.25271197559778,100,100,0.0004883491026857949,0.024972494143334738,0.9745391567539797,2.220446049250313e-16,SUCCESS_EXACT
50,100,0.15,97.5411135078778,100,100,9.707178047617728e-05,0.08404382084780873,0.9158591073717123,2.7755575615628914e-15,SUCCESS_EXACT
50,100,0.2,84.1522177455605,100,100,1.5487232800623595e-06,0.4712340271526233,0.5287644241241014,4.884981308350689e-15,SUCCESS_EXACT
50,100,0.3,44.8153199422668,42,71,2.7236826682289037e-10,0.9846491550902678,0.015350844637361794,2.1094237467877974e-15,SUCCESS_EXACT
50,200,0.01,73.6664277948021,62,94,0.9999786214118376,4.0003284860047154e-14,2.1378588121631986e-05,7.771561172376096e-16,SUCCESS_EXACT
50,200,0.03,111.26939043673451,109,180,0.9471607279044868,1.8360364663552327e-09,0.052839270259473506,3.219646771412954e-15,SUCCESS_EXACT
50,200,0.05,159.26435120008725,180,200,0.5678335420954168,5.19989174952909e-07,0.4321659379154015,6.772360450213455e-15,SUCCESS_EXACT
50,200,0.07,187.98678894159872,200,200,0.18039696812556757,3.3771496619325706e-05,0.8195692603778025,1.0547118733938987e-14,SUCCESS_EXACT
50,200,0.08,194.2168486384303,200,200,0.08475224465660727,0.0002004954792034438,0.9150472598641968,7.549516567451064e-15,SUCCESS_EXACT
50,200,0.09,197.2926374088558,200,200,0.03660039153711459,0.000989283857587448,0.9624103246053036,5.773159728050814e-15,SUCCESS_EXACT
50,200,0.1,198.5147660257691,200,200,0.014902504324810805,0.004013784131641348,0.9810837115435534,5.551115123125783e-15,SUCCESS_EXACT
50,200,0.11,198.46286588787578,200,200,0.005852831414843116,0.013336708310714714,0.9808104602744447,2.6645352591003757e-15,SUCCESS_EXACT
50,200,0.12,197.0828581303625,200,200,0.0022611786295691425,0.036542460012187035,0.9611963613582439,0.0,SUCCESS_EXACT
50,200,0.13,193.88910867037515,200,200,0.00087286295443449,0.0837570770097,0.9153700600358656,2.220446049250313e-16,SUCCESS_EXACT
50,200,0.15,179.793915153741,200,200,0.00013479548999383522,0.2769423799299848,0.7229228245800162,5.10702591327572e-15,SUCCESS_EXACT
50,200,0.2,112.47867681239464,105,200,1.6355700170488078e-06,0.8849002106227021,0.11509815380728766,6.8833827526759706e-15,SUCCESS_EXACT
50,200,0.3,45.04262618901122,42,71,2.7250881518733456e-10,0.9999912435000788,8.756227409503218e-06,2.886579864025407e-15,SUCCESS_EXACT
50,400,0.01,73.66672916026398,62,94,0.9999999999996947,4.0003284860047154e-14,2.6475393893992117e-13,5.551115123125783e-16,SUCCESS_EXACT
50,400,0.03,113.3640076124418,109,180,0.999778352604019,1.836036503608133e-09,0.0002216455599409815,3.4416913763379853e-15,SUCCESS_EXACT
50,400,0.05,203.23957438198175,180,378,0.9143118426199127,5.201092210111283e-07,0.0856876372708577,8.548717289613705e-15,SUCCESS_EXACT
50,400,0.07,327.6766247434259,400,400,0.4130111673462843,3.4676949493897336e-05,0.5869541557042037,1.8096635301390052e-14,SUCCESS_EXACT
50,400,0.08,366.37588596087596,400,400,0.1896700367454743,0.00022409437930933962,0.8101058688752311,1.4654943925052066e-14,SUCCESS_EXACT
50,400,0.09,385.9659913378138,400,400,0.07186490469711171,0.0013293190136909082,0.9268057762892081,1.0658141036401503e-14,SUCCESS_EXACT
50,400,0.1,393.3380155391904,400,400,0.02433483247948013,0.006929302729267384,0.9687358647912637,1.1324274851176597e-14,SUCCESS_EXACT
50,400,0.11,392.744287634741,400,400,0.00797708764297847,0.02906753640767217,0.9629553759493548,5.329070518200751e-15,SUCCESS_EXACT
50,400,0.12,383.67774469776396,400,400,0.002683340396396002,0.09279727919471625,0.9045193804088881,4.440892098500626e-16,SUCCESS_EXACT
50,400,0.13,363.07857877677003,400,400,0.0009496181840036646,0.22389324105048308,0.7751571407655133,0.0,SUCCESS_EXACT
50,400,0.15,286.71992921357713,316,400,0.00013691502204863528,0.6305793247279589,0.36928376024998427,8.215650382226158e-15,SUCCESS_EXACT
50,400,0.2,118.5394941312881,105,208,1.6356936593097564e-06,0.9977093499218187,0.0022890143845296904,7.771561172376096e-15,SUCCESS_EXACT
50,400,0.3,45.0427336584383,42,71,2.7250881518733456e-10,0.9999999997271101,3.777181493901625e-13,3.4416913763379853e-15,SUCCESS_EXACT
50,800,0.01,73.66672916026629,62,94,0.9999999999999594,4.0003284860047154e-14,0.0,6.661338147750939e-16,SUCCESS_EXACT
50,800,0.03,113.3708187264746,109,180,0.9999999977392385,1.836036503608133e-09,4.2472097344511294e-10,3.9968028886505635e-15,SUCCESS_EXACT
50,800,0.05,211.87715388452543,180,378,0.9985102872582828,5.201092432394513e-07,0.0014891926324646781,9.2148511043888e-15,SUCCESS_EXACT
50,800,0.07,491.2228995285847,491,800,0.7347305364306576,3.4698855477927225e-05,0.2652347647138371,2.7422508708241367e-14,SUCCESS_EXACT
50,800,0.08,653.4483290694636,800,800,0.36771771295814154,0.00022687742034388882,0.6320554096215415,2.6867397195928788e-14,SUCCESS_EXACT
50,800,0.09,746.1727173772191,800,800,0.12119054319194088,0.001465099150252898,0.877344357657827,2.0872192862952943e-14,SUCCESS_EXACT
50,800,0.1,778.3565096264302,800,800,0.032249421408216454,0.00974819274697588,0.9580023858448294,2.1760371282653068e-14,SUCCESS_EXACT
50,800,0.11,772.3427180433032,800,800,0.008830675090884596,0.05522761021122917,0.935941714697897,1.0658141036401503e-14,SUCCESS_EXACT
50,800,0.12,722.432591891698,800,800,0.0027538029538763846,0.20870735127533885,0.7885388457707855,6.661338147750939e-16,SUCCESS_EXACT
50,800,0.13,618.1778704441243,800,800,0.0009544789126789981,0.4918579817755188,0.5071875393118027,4.440892098500626e-16,SUCCESS_EXACT
50,800,0.15,359.11170014905116,316,708,0.00013693048734069255,0.935499484676888,0.06436358483576135,9.992007221626409e-15,SUCCESS_EXACT
50,800,0.2,118.6464416696074,105,208,1.6356936603932663e-06,0.9999981336720373,2.306343106874159e-07,8.43769498715119e-15,SUCCESS_EXACT
50,800,0.3,45.04273365844278,42,71,2.7250881518733456e-10,0.9999999997274871,0.0,4.107825191113079e-15,SUCCESS_EXACT
50,1600,0.01,73.66672916026629,62,94,0.9999999999999594,4.0003284860047154e-14,0.0,6.661338147750939e-16,SUCCESS_EXACT
50,1600,0.03,113.37081873885232,109,180,0.9999999981639593,1.836036503608133e-09,0.0,4.107825191113079e-15,SUCCESS_EXACT
50,1600,0.05,212.0103754250056,180,378,0.9999993781524145,5.201092432394513e-07,1.0173833285148406e-07,9.43689570931383e-15,SUCCESS_EXACT
50,1600,0.07,588.1081881571404,491,1226,0.9617144925965293,3.46989042246507e-05,0.038250808499213355,3.26405569239796e-14,SUCCESS_EXACT
50,1600,0.08,1044.500964421466,1157,1600,0.6369678397727057,0.0002269650207612615,0.36280519520657634,4.3298697960381105e-14,SUCCESS_EXACT
50,1600,0.09,1417.523579819145,1600,1600,0.1947996416941682,0.0014951777741874183,0.8037051805316839,3.952393967665557e-14,SUCCESS_EXACT
50,1600,0.1,1540.8947176639758,1600,1600,0.03812570011263433,0.012204871388679818,0.9496694284987283,4.241051954068098e-14,SUCCESS_EXACT
50,1600,0.11,1501.9306326960777,1600,1600,0.00902616628926595,0.10252554809890811,0.888448285611847,2.1094237467877974e-14,SUCCESS_EXACT
50,1600,0.12,1260.273499445041,1600,1600,0.00275756308585779,0.43827360645848473,0.5589688304556585,8.881784197001252e-16,SUCCESS_EXACT
50,1600,0.13,868.2000719319725,811,1600,0.000954528169133923,0.8344868704198171,0.16455860141104955,4.440892098500626e-16,SUCCESS_EXACT
50,1600,0.15,371.3914469146176,316,708,0.00013693049039282908,0.9990824110191574,0.0007806584904388148,1.0880185641326534e-14,SUCCESS_EXACT
50,1600,0.2,118.64645104068566,105,208,1.6356936603932663e-06,0.9999983643063449,1.657159997932829e-16,5.551115123125783e-15,SUCCESS_EXACT
50,1600,0.3,45.04273365844278,42,71,2.7250881518733456e-10,0.9999999997274871,0.0,4.107825191113079e-15,SUCCESS_EXACT
50,3200,0.01,73.66672916026629,62,94,0.9999999999999594,4.0003284860047154e-14,0.0,6.661338147750939e-16,SUCCESS_EXACT
50,3200,0.03,113.37081873885232,109,180,0.9999999981639593,1.836036503608133e-09,0.0,4.107825191113079e-15,SUCCESS_EXACT
50,3200,0.05,212.01038297337305,180,378,0.999999479890747,5.201092432394513e-07,0.0,9.769962616701378e-15,SUCCESS_EXACT
50,3200,0.07,601.3715999418274,491,1226,0.9996682980461533,3.469890422644329e-05,0.0002970030495860434,3.419486915845482e-14,SUCCESS_EXACT
50,3200,0.08,1364.9462422217994,1157,3082,0.9105405705730074,0.00022696536072891514,0.08923246406632031,5.6621374255882984e-14,SUCCESS_EXACT
50,3200,0.09,2598.6869046179618,3200,3200,0.3234505759331332,0.001498059315646206,0.6750513647512931,7.260858581048524e-14,SUCCESS_EXACT
50,3200,0.1,3054.4684678969893,3200,3200,0.04247898281742304,0.014184783068502677,0.9433362341141577,8.348877145181177e-14,SUCCESS_EXACT
50,3200,0.11,2847.9862005735527,3200,3200,0.009049171646940945,0.1977802750130051,0.7931705533400939,3.9968028886505635e-14,SUCCESS_EXACT
50,3200,0.12,1858.124758305819,1826,3200,0.0027576040810166585,0.7752409497228442,0.22200144619614015,8.881784197001252e-16,SUCCESS_EXACT
50,3200,0.13,957.7447689239989,811,1901,0.0009545281999258693,0.9904513590022529,0.008594112797822146,8.881784197001252e-16,SUCCESS_EXACT
50,3200,0.15,371.5188656913922,316,708,0.00013693049039282908,0.99986304995104,1.955855625553209e-08,1.0880185641326534e-14,SUCCESS_EXACT
50,3200,0.2,118.64645104068566,105,208,1.6356936603932663e-06,0.9999983643063449,0.0,5.329070518200751e-15,SUCCESS_EXACT
50,3200,0.3,45.04273365844278,42,71,2.7250881518733456e-10,0.9999999997274871,0.0,4.107825191113079e-15,SUCCESS_EXACT
100,100,0.01,90.00751348090202,95,100,0.7579629552662963,7.332258154112532e-18,0.24203704473370308,6.661338147750939e-16,SUCCESS_EXACT
100,100,0.03,97.69475838574894,100,100,0.2235456469079301,1.3405906762489672e-11,0.7764543530786612,2.7755575615628914e-15,SUCCESS_EXACT
100,100,0.05,99.53880041213249,100,100,0.04830885184186433,2.1244142692958763e-08,0.9516911269139887,4.218847493575595e-15,SUCCESS_EXACT
100,100,0.07,99.91581374403154,100,100,0.008979629863068352,3.048466285102233e-06,0.991017321670641,5.551115123125783e-15,SUCCESS_EXACT
100,100,0.08,99.96449551615194,100,100,0.0037227216233622685,2.0697777512212425e-05,0.9962565805991291,3.552713678800501e-15,SUCCESS_EXACT
100,100,0.09,99.98304216490257,100,100,0.0015107112613532995,0.00010586882999482464,0.9983834199086548,2.886579864025407e-15,SUCCESS_EXACT
100,100,0.1,99.98401777930037,100,100,0.0006014647107039869,0.0004286155793788455,0.9989699197099202,3.1086244689504383e-15,SUCCESS_EXACT
100,100,0.11,99.96492264458487,100,100,0.00023533045895979775,0.0014267873621160627,0.9983378821789255,1.3322676295501878e-15,SUCCESS_EXACT
100,100,0.12,99.90868440487537,100,100,9.060304827673465e-05,0.004023460955318548,0.9958859359964051,4.440892098500626e-16,SUCCESS_EXACT
100,100,0.13,99.78060875354198,100,100,3.435893077401703e-05,0.009842496531915003,0.9901231445373112,2.220446049250313e-16,SUCCESS_EXACT
100,100,0.15,99.06808625497997,100,100,4.736465519241037e-06,0.041380000043299385,0.9586152634911786,2.7755575615628914e-15,SUCCESS_EXACT
100,100,0.2,90.89803321693428,100,100,2.6723270939849938e-08,0.34285186384407496,0.6571481094326593,5.329070518200751e-15,SUCCESS_EXACT
100,100,0.3,54.416879382128485,52,82,3.5056051917064337e-13,0.9680638227437571,0.03193617725588942,2.886579864025407e-15,SUCCESS_EXACT
100,200,0.01,94.14162454183132,95,109,0.9998854478961311,7.332258154112532e-18,0.00011455210386823194,6.661338147750939e-16,SUCCESS_EXACT
100,200,0.03,134.0562874606349,123,200,0.8974020190403351,1.3482906037261571e-11,0.1025979809461785,3.552713678800501e-15,SUCCESS_EXACT
100,200,0.05,175.70736950206236,200,200,0.4357965017381926,2.4543748128784772e-08,0.5642034737180516,7.66053886991358e-15,SUCCESS_EXACT
100,200,0.07,194.5877080218464,200,200,0.10636784394505865,5.6826416228879896e-06,0.8936264734133079,1.0547118733938987e-14,SUCCESS_EXACT
100,200,0.08,197.77968356756867,200,200,0.043421198133606495,5.262567504579766e-05,0.9565261761913553,7.549516567451064e-15,SUCCESS_EXACT
100,200,0.09,199.12850067765157,200,200,0.016135428496632277,0.00035991675585330204,0.9835046547475202,5.773159728050814e-15,SUCCESS_EXACT
100,200,0.1,199.57473239960754,200,200,0.0055707395804517066,0.0018485753095620083,0.9925806851099921,5.773159728050814e-15,SUCCESS_EXACT
100,200,0.11,199.45394166499995,200,200,0.0018187498917420202,0.0073038094225260945,0.9908774406857348,2.886579864025407e-15,SUCCESS_EXACT
100,200,0.12,198.64507329753272,200,200,0.0005703281461429757,0.022820902370270846,0.9766087694835868,6.661338147750939e-16,SUCCESS_EXACT
100,200,0.13,196.68158594953863,200,200,0.00017416194663657492,0.057970287964195705,0.9418555500891678,0.0,SUCCESS_EXACT
100,200,0.15,186.73443267223146,200,200,1.5698238255549476e-05,0.2226334298855631,0.7773508718761761,5.218048215738236e-15,SUCCESS_EXACT
100,200,0.2,126.99323979308966,121,200,4.1748887312160783e-08,0.854503550136998,0.1454964081141219,7.105427357601002e-15,SUCCESS_EXACT
100,200,0.3,54.87351182338731,52,82,3.6270665248325124e-13,0.9999850034091283,1.4996590506139173e-05,2.7755575615628914e-15,SUCCESS_EXACT
100,400,0.01,94.14261888063685,95,109,0.9999999999996535,7.332258154112532e-18,3.4570438298594836e-13,7.771561172376096e-16,SUCCESS_EXACT
100,400,0.03,137.47687602434846,123,203,0.9997290990028015,1.348291400948325e-11,0.00027090098371190775,3.774758283725532e-15,SUCCESS_EXACT
100,400,0.05,229.93810114655585,216,394,0.9022443764995485,2.45944483419468e-08,0.09775559890599325,9.880984919163893e-15,SUCCESS_EXACT
100,400,0.07,345.70320830462776,400,400,0.37301561207743045,6.244135812285008e-06,0.6269781437867384,1.887379141862766e-14,SUCCESS_EXACT
100,400,0.08,377.5370138782545,400,400,0.15695267333637328,6.95293509979746e-05,0.8429777973126436,1.4876988529977098e-14,SUCCESS_EXACT
100,400,0.09,392.0227926454275,400,400,0.05229009721662289,0.0006322726056509938,0.9470776301777372,1.1102230246251565e-14,SUCCESS_EXACT
100,400,0.1,396.8124758174489,400,400,0.01473759533719855,0.004388489320432963,0.9808739153423796,1.1102230246251565e-14,SUCCESS_EXACT
100,400,0.11,395.9812266079115,400,400,0.003774998724747394,0.021907955004630983,0.9743170462706271,5.551115123125783e-15,SUCCESS_EXACT
100,400,0.12,388.75455865007507,400,400,0.0009389361785495673,0.07770852557322018,0.921352538248231,8.881784197001252e-16,SUCCESS_EXACT
100,400,0.13,371.577151267756,400,400,0.00023788189473761143,0.2003710872233084,0.7993910308819542,2.220446049250313e-16,SUCCESS_EXACT
100,400,0.15,302.48326790814116,339,400,1.7316847423437197e-05,0.6067106294592107,0.39327205369335744,8.43769498715119e-15,SUCCESS_EXACT
100,400,0.2,134.76039882402122,121,222,4.1834778631464345e-08,0.9973845729643825,0.0026153852008466857,7.771561172376096e-15,SUCCESS_EXACT
100,400,0.3,54.87371053201915,52,82,3.6270665248325124e-13,0.9999999999991696,4.656083975723594e-13,2.1094237467877974e-15,SUCCESS_EXACT
100,800,0.01,94.1426188806407,95,109,0.9999999999999992,7.332258154112532e-18,0.0,7.771561172376096e-16,SUCCESS_EXACT
100,800,0.03,137.48547609320087,123,203,0.999999999597567,1.348291400948325e-11,3.8894646128563547e-10,3.6637359812630166e-15,SUCCESS_EXACT
100,800,0.05,239.5032626811781,216,394,0.9985536522394692,2.4594469044486504e-08,0.001446323166051225,1.0547118733938987e-14,SUCCESS_EXACT
100,800,0.07,516.4204124098684,516,800,0.7319384732746256,6.266478188389773e-06,0.26805526024715753,2.853273173286652e-14,SUCCESS_EXACT
100,800,0.08,673.2801176037309,800,800,0.35671346523064074,7.249374051623481e-05,0.6432140410288698,2.6645352591003757e-14,SUCCESS_EXACT
100,800,0.09,759.1107490263357,800,800,0.10797976083342768,0.0007815300636878475,0.8912387091029057,2.1316282072803006e-14,SUCCESS_EXACT
100,800,0.1,786.435729654734,800,800,0.02366899425148625,0.007527591761040578,0.9688034139874948,2.1538326677728037e-14,SUCCESS_EXACT
100,800,0.11,779.6123008802228,800,800,0.004726480465043735,0.050996707553429485,0.9442768119815375,1.0658141036401503e-14,SUCCESS_EXACT
100,800,0.12,732.1230514920251,800,800,0.001015550544960846,0.20552180033145045,0.7934626491235901,1.3322676295501878e-15,SUCCESS_EXACT
100,800,0.13,631.3904170031864,800,800,0.00024299360805569116,0.4931105116779795,0.5066464947139645,3.3306690738754696e-16,SUCCESS_EXACT
100,800,0.15,377.3755154239539,339,708,1.7331958699005796e-05,0.9375255029386936,0.062457165102598286,9.103828801926284e-15,SUCCESS_EXACT
100,800,0.2,134.88035325543626,121,222,4.183477952240468e-08,0.9999997551533606,2.0301186817153525e-07,8.215650382226158e-15,SUCCESS_EXACT
100,800,0.3,54.873710532024816,52,82,3.6270665248325124e-13,0.9999999999996355,0.0,1.7763568394002505e-15,SUCCESS_EXACT
100,1600,0.01,94.1426188806407,95,109,0.9999999999999992,7.332258154112532e-18,0.0,7.771561172376096e-16,SUCCESS_EXACT
100,1600,0.03,137.4854761027446,123,203,0.9999999999865131,1.348291400948325e-11,0.0,3.9968028886505635e-15,SUCCESS_EXACT
100,1600,0.05,239.62181791755117,216,394,0.9999999100331529,2.4594469044486504e-08,6.537236712173614e-08,1.099120794378905e-14,SUCCESS_EXACT
100,1600,0.07,608.7129357369316,516,1196,0.9668082160955679,6.26654587041128e-06,0.03318551735852823,3.341771304121721e-14,SUCCESS_EXACT
100,1600,0.08,1059.0745949678683,1139,1600,0.6542297593848168,7.261163010981654e-05,0.34569762898511597,4.263256414560601e-14,SUCCESS_EXACT
100,1600,0.09,1435.4638384333573,1600,1600,0.19583470718742255,0.0008206702402680997,0.8033446225723494,3.9968028886505635e-14,SUCCESS_EXACT
100,1600,0.1,1556.6076363072032,1600,1600,0.03118876758780422,0.010567203057079672,0.958244029355159,4.285460875053104e-14,SUCCESS_EXACT
100,1600,0.11,1512.7966162178109,1600,1600,0.004990325938429569,0.1059118090771936,0.8890978649843981,2.1316282072803006e-14,SUCCESS_EXACT
100,1600,0.12,1264.7493627068818,1600,1600,0.0010208336644056016,0.45580380541168963,0.5431753609239067,1.9984014443252818e-15,SUCCESS_EXACT
100,1600,0.13,873.4606131200031,812,1600,0.00024306546015835884,0.8475914334097888,0.15216550113005242,3.3306690738754696e-16,SUCCESS_EXACT
100,1600,0.15,388.8507419744001,339,708,1.733196352972556e-05,0.9993428775022151,0.0006397905342449888,1.021405182655144e-14,SUCCESS_EXACT
100,1600,0.2,134.88036139625265,121,222,4.183477952240468e-08,0.9999999581652276,9.321416052618503e-17,7.105427357601002e-15,SUCCESS_EXACT
100,1600,0.3,54.873710532024816,52,82,3.6270665248325124e-13,0.9999999999996355,0.0,1.7763568394002505e-15,SUCCESS_EXACT
100,3200,0.01,94.1426188806407,95,109,0.9999999999999992,7.332258154112532e-18,0.0,7.771561172376096e-16,SUCCESS_EXACT
100,3200,0.03,137.4854761027446,123,203,0.9999999999865131,1.348291400948325e-11,0.0,3.9968028886505635e-15,SUCCESS_EXACT
100,3200,0.05,239.62182272742754,216,394,0.9999999754055191,2.4594469044486504e-08,0.0,1.1879386363489175e-14,SUCCESS_EXACT
100,3200,0.07,619.7161630429381,516,1196,0.9997891475582112,6.266545873828084e-06,0.00020458589588029271,3.4638958368304884e-14,SUCCESS_EXACT
100,3200,0.08,1351.5383371650794,1139,2934,0.9240691614893392,7.26121927833002e-05,0.07585822631793249,5.5067062021407764e-14,SUCCESS_EXACT
100,3200,0.09,2600.1106141398172,3200,3200,0.34326839768331646,0.0008249201122880291,0.6559066822044676,7.194245199571014e-14,SUCCESS_EXACT
100,3200,0.1,3082.0773270171107,3200,3200,0.036939708717316964,0.013157805970500796,0.949902485312267,8.482103908136196e-14,SUCCESS_EXACT
100,3200,0.11,2848.3628255857743,3200,3200,0.005024146498723875,0.215104745894254,0.7798711076070632,4.107825191113079e-14,SUCCESS_EXACT
100,3200,0.12,1827.723187660748,1753,3200,0.0010208989059450173,0.7986840070655066,0.20029509402855275,4.440892098500626e-15,SUCCESS_EXACT
100,3200,0.13,952.7941250490012,812,1844,0.00024306551270996473,0.9928730391022317,0.006883895385055872,2.55351295663786e-15,SUCCESS_EXACT
100,3200,0.15,388.95174531733943,339,708,1.733196352972556e-05,0.9999826558346675,1.2201793422082003e-08,9.325873406851315e-15,SUCCESS_EXACT
100,3200,0.2,134.88036139625265,121,222,4.183477952240468e-08,0.9999999581652276,0.0,7.105427357601002e-15,SUCCESS_EXACT
100,3200,0.3,54.873710532024816,52,82,3.6270665248325124e-13,0.9999999999996355,0.0,1.7763568394002505e-15,SUCCESS_EXACT
200,200,0.01,122.90775360481553,120,146,0.9992131792646367,0.0,0.000786820735362237,1.1102230246251565e-15,SUCCESS_EXACT
200,200,0.03,164.33567124014274,171,200,0.7791903490428906,1.403537697657653e-14,0.2208096509570906,4.773959005888173e-15,SUCCESS_EXACT
200,200,0.05,191.61403722959707,200,200,0.254725772815407,3.387153926358974e-10,0.7452742268458693,8.326672684688674e-15,SUCCESS_EXACT
200,200,0.07,198.84495286641211,200,200,0.03955354431966834,3.91877014536736e-07,0.9604460638033063,1.0769163338864018e-14,SUCCESS_EXACT
200,200,0.08,199.62905214447363,200,200,0.012822895674952336,6.075778101020916e-06,0.9871710285469548,8.215650382226158e-15,SUCCESS_EXACT
200,200,0.09,199.88652791494957,200,200,0.0037678459725077025,6.1207766593366e-05,0.9961709462609045,5.551115123125783e-15,SUCCESS_EXACT
200,200,0.1,199.94913490638652,200,200,0.0010211385933750028,0.0004253297935617849,0.9985535316130691,5.995204332975845e-15,SUCCESS_EXACT
200,200,0.11,199.89593323662135,200,200,0.00025888119780780657,0.002148803001639261,0.9975923158005554,2.4424906541753444e-15,SUCCESS_EXACT
200,200,0.12,199.63844427973132,200,200,6.213056427521981e-05,0.008255129183828931,0.9916827402518965,6.661338147750939e-16,SUCCESS_EXACT
200,200,0.13,198.9091785583399,200,200,1.4262918023771129e-05,0.02504846732996062,0.9749372697520157,0.0,SUCCESS_EXACT
200,200,0.15,194.061327874467,200,200,6.823403685422611e-07,0.12863182250262323,0.8713674951570031,5.10702591327572e-15,SUCCESS_EXACT
200,200,0.2,148.25832599376542,151,200,2.7270385936829455e-10,0.7624116303640113,0.23758836936329403,9.103828801926284e-15,SUCCESS_EXACT
200,200,0.3,69.37519303418524,65,97,4.242604199954858e-17,0.99994407669131,5.592330868625832e-05,3.6637359812630166e-15,SUCCESS_EXACT
200,400,0.01,122.91928895629151,120,146,0.9999999999974074,0.0,2.5914776499663546e-12,1.1102230246251565e-15,SUCCESS_EXACT
200,400,0.03,173.2642122027539,171,234,0.9993234981612388,1.4035411064735712e-14,0.0006765018387422453,4.9960036108132044e-15,SUCCESS_EXACT
200,400,0.05,271.1305357165845,259,400,0.851477341994415,3.4736461563209535e-10,0.14852265765820843,1.199040866595169e-14,SUCCESS_EXACT
200,400,0.07,368.692459394917,400,400,0.2784084118016722,5.665947559801722e-07,0.7215910216035515,2.0317081350640365e-14,SUCCESS_EXACT
200,400,0.08,389.24033160892316,400,400,0.09951767466925918,1.2847262264285754e-05,0.9004694780684921,1.554312234475219e-14,SUCCESS_EXACT
200,400,0.09,396.94754722739884,400,400,0.027361124105345424,0.000196094664842658,0.9724427812298231,1.1102230246251565e-14,SUCCESS_EXACT
200,400,0.1,399.02686249738036,400,400,0.00611647926147272,0.0019249780490188321,0.9919585426895196,1.1102230246251565e-14,SUCCESS_EXACT
200,400,0.11,398.4214925397135,400,400,0.0011777595130639121,0.012144010903547227,0.9866782295833944,5.551115123125783e-15,SUCCESS_EXACT
200,400,0.12,394.20274316925367,400,400,0.00020690763863995685,0.05091856814372787,0.9488745242176333,1.1102230246251565e-15,SUCCESS_EXACT
200,400,0.13,382.8306057337333,400,400,3.4983971833939115e-05,0.14891724162083783,0.8510477744073284,2.220446049250313e-16,SUCCESS_EXACT
200,400,0.15,327.83978880996347,383,400,1.0388291235984184e-06,0.5352119034227973,0.4647870577480699,9.103828801926284e-15,SUCCESS_EXACT
200,400,0.2,160.99403741492972,151,249,2.8057219818508397e-10,0.9957590737822413,0.0042409259371953235,8.881784197001252e-15,SUCCESS_EXACT
200,400,0.3,69.37589299790233,65,97,4.242604199954858e-17,0.9999999999987023,1.2944632640603243e-12,3.3306690738754696e-15,SUCCESS_EXACT
200,800,0.01,122.91928895631638,120,146,0.9999999999999988,0.0,0.0,1.2212453270876722e-15,SUCCESS_EXACT
200,800,0.03,173.28416191665767,171,234,0.9999999994927417,1.4035411064735712e-14,5.072391160352327e-10,5.218048215738236e-15,SUCCESS_EXACT
200,800,0.05,284.9959591425303,259,441,0.9982628524767859,3.4737232189768437e-10,0.0017371471758290354,1.2656542480726785e-14,SUCCESS_EXACT
200,800,0.07,562.9732457174146,572,800,0.7046299119833654,5.793022138729845e-07,0.2953695087143895,3.11972669919669e-14,SUCCESS_EXACT
200,800,0.08,704.9448700140083,800,800,0.3191060606379244,1.4865745123752502e-05,0.6808790736169809,2.90878432451791e-14,SUCCESS_EXACT
200,800,0.09,774.3577249045408,800,800,0.08433743246155694,0.000313824400688125,0.9153487431377766,2.1760371282653068e-14,SUCCESS_EXACT
200,800,0.1,793.3868943084383,800,800,0.014574772038241741,0.004684924102817532,0.9807403038589624,2.1760371282653068e-14,SUCCESS_EXACT
200,800,0.11,787.515483716998,800,800,0.0020025427125308034,0.03983933158509865,0.9581581257023812,1.0658141036401503e-14,SUCCESS_EXACT
200,800,0.12,748.8675333790005,800,800,0.000267056321970234,0.180507963824179,0.8192249798538527,1.9984014443252818e-15,SUCCESS_EXACT
200,800,0.13,659.9956747910436,800,800,3.860613580607761e-05,0.46245328636456096,0.537508107499633,0.0,SUCCESS_EXACT
200,800,0.15,415.5126594434576,383,733,1.047714297207268e-06,0.9294893245167596,0.07050962776893059,1.2656542480726785e-14,SUCCESS_EXACT
200,800,0.2,161.18487552565855,151,249,2.8057257056227924e-10,0.9999997374353693,2.622840662760308e-07,8.215650382226158e-15,SUCCESS_EXACT
200,800,0.3,69.37589299791793,65,97,4.242604199954858e-17,0.9999999999999964,0.0,3.552713678800501e-15,SUCCESS_EXACT
200,1600,0.01,122.91928895631638,120,146,0.9999999999999988,0.0,0.0,1.2212453270876722e-15,SUCCESS_EXACT
200,1600,0.03,173.28416193010634,171,234,0.9999999999999807,1.4035411064735712e-14,0.0,5.329070518200751e-15,SUCCESS_EXACT
200,1600,0.05,285.13644084900346,259,441,0.9999999491233524,3.4737232189768437e-10,5.052926209805718e-08,1.3100631690576847e-14,SUCCESS_EXACT
200,1600,0.07,660.6353143260868,572,1205,0.9685557885482282,5.793680878205448e-07,0.03144363208364738,3.652633751016765e-14,SUCCESS_EXACT
200,1600,0.08,1104.2950168066682,1183,1600,0.6554492159366593,1.4986763664726326e-05,0.3445357972997214,4.529709940470639e-14,SUCCESS_EXACT
200,1600,0.09,1465.2022887255125,1600,1600,0.18539398577613958,0.0003561194573807407,0.8142498947665201,4.04121180963557e-14,SUCCESS_EXACT
200,1600,0.1,1572.5566593296355,1600,1600,0.0232662687988726,0.00805410578279993,0.9686796254183697,4.218847493575595e-14,SUCCESS_EXACT
200,1600,0.11,1529.7274530459656,1600,1600,0.0023012893955300217,0.10067068470237406,0.8970280259021176,2.1760371282653068e-14,SUCCESS_EXACT
200,1600,0.12,1292.2530433471588,1600,1600,0.000272793178977224,0.45518830633622287,0.5445389004848024,2.4424906541753444e-15,SUCCESS_EXACT
200,1600,0.13,909.9465104884251,853,1600,3.868053265288501e-05,0.850067601852,0.1498937176153474,2.220446049250313e-16,SUCCESS_EXACT
200,1600,0.15,427.9441579456994,383,733,1.04771887420712e-06,0.9994023605849384,0.0005965916961742747,1.3100631690576847e-14,SUCCESS_EXACT
200,1600,0.2,161.1848856260487,151,249,2.8057257056227924e-10,0.999999999719434,7.002837661157611e-17,6.661338147750939e-15,SUCCESS_EXACT
200,1600,0.3,69.37589299791793,65,97,4.242604199954858e-17,0.9999999999999964,0.0,3.552713678800501e-15,SUCCESS_EXACT
200,3200,0.01,122.91928895631638,120,146,0.9999999999999988,0.0,0.0,1.2212453270876722e-15,SUCCESS_EXACT
200,3200,0.03,173.28416193010634,171,234,0.9999999999999807,1.4035411064735712e-14,0.0,5.329070518200751e-15,SUCCESS_EXACT
200,3200,0.05,285.13644474922313,259,441,0.9999999996526137,3.4737232189768437e-10,0.0,1.3988810110276972e-14,SUCCESS_EXACT
200,3200,0.07,670.7306213003625,572,1205,0.999841975521694,5.793680924810889e-07,0.00015744511017536854,3.8191672047105385e-14,SUCCESS_EXACT
200,3200,0.08,1384.4516062050166,1183,2845,0.9320944944003585,1.4987512470664072e-05,0.06789051808722789,5.706546346573305e-14,SUCCESS_EXACT
200,3200,0.09,2630.109966837524,3200,3200,0.3530782778157887,0.00036164307399169274,0.6465600791102932,7.37188088351104e-14,SUCCESS_EXACT
200,3200,0.1,3112.9138263526806,3200,3200,0.03049338605789548,0.01124358518537534,0.9582630287568137,8.459899447643693e-14,SUCCESS_EXACT
200,3200,0.11,2866.5898160929173,3200,3200,0.0023463572195465405,0.2240617985834178,0.7735918441970762,4.04121180963557e-14,SUCCESS_EXACT
200,3200,0.12,1840.3728781031557,1750,3200,0.00027288229157672854,0.8129789467942397,0.18674817091418675,3.1086244689504383e-15,SUCCESS_EXACT
200,3200,0.13,985.1640324230119,853,1825,3.868060565070224e-05,0.994083220951707,0.005878098442640676,1.6653345369377348e-15,SUCCESS_EXACT
200,3200,0.15,428.0367587109657,383,733,1.04771887420712e-06,0.9999989436250132,8.656097204018152e-09,1.5432100042289676e-14,SUCCESS_EXACT
200,3200,0.2,161.1848856260487,151,249,2.8057257056227924e-10,0.999999999719434,0.0,6.661338147750939e-15,SUCCESS_EXACT
200,3200,0.3,69.37589299791793,65,97,4.242604199954858e-17,0.9999999999999964,0.0,3.552713678800501e-15,SUCCESS_EXACT
400,400,0.01,164.76560943832314,157,193,0.999999999875666,0.0,1.24332407969821e-10,1.5543122344752192e-15,SUCCESS_EXACT
400,400,0.03,225.59710215540503,217,288,0.9964523047191117,0.0,0.0035476952808815767,6.661338147750939e-15,SUCCESS_EXACT
400,400,0.05,326.0369620863976,335,400,0.7089189054256362,8.543796864848591e-13,0.2910810945734949,1.4432899320127035e-14,SUCCESS_EXACT
400,400,0.07,389.344657043569,400,400,0.14036259838339812,1.8066284901903565e-08,0.8596373835502955,2.142730437526552e-14,SUCCESS_EXACT
400,400,0.08,397.3056910835724,400,400,0.037439527626348695,9.778906663820229e-07,0.9625594944830008,1.5987211554602254e-14,SUCCESS_EXACT
400,400,0.09,399.4525571572913,400,400,0.007569211715331487,2.7590053133855482e-05,0.9924031982315453,1.0658141036401503e-14,SUCCESS_EXACT
400,400,0.1,399.8703242965248,400,400,0.0012187364154475184,0.00042226787758468075,0.9983589957069792,1.1324274851176597e-14,SUCCESS_EXACT
400,400,0.11,399.6685947236723,400,400,0.00016353789758265054,0.0037467542164582777,0.9960897078859647,5.773159728050814e-15,SUCCESS_EXACT
400,400,0.12,398.25791923736085,400,400,1.9082926319644143e-05,0.020699026549400642,0.9792818905242806,8.881784197001252e-16,SUCCESS_EXACT
400,400,0.13,393.37697707026183,400,400,2.0176940733106703e-06,0.07615527826826467,0.9238427040376622,2.220446049250313e-16,SUCCESS_EXACT
400,400,0.15,359.8102355668658,400,400,1.960199659867178e-08,0.38827467658732157,0.6117253038106719,9.992007221626409e-15,SUCCESS_EXACT
400,400,0.2,200.81075469620396,191,293,2.307389675998438e-13,0.9888349443095428,0.011165055690238726,1.2212453270876722e-14,SUCCESS_EXACT
400,400,0.3,90.35617656278134,88,123,0.0,0.9999999999874811,1.2514228716769496e-11,4.6629367034256575e-15,SUCCESS_EXACT
400,800,0.01,164.76560943952896,157,193,0.9999999999999983,0.0,0.0,1.6653345369377348e-15,SUCCESS_EXACT
400,800,0.03,225.70222285936435,217,288,0.9999999982985601,0.0,1.7014329501956827e-09,6.8833827526759706e-15,SUCCESS_EXACT
400,800,0.05,354.18489675170736,335,510,0.996751715225425,8.549747935045227e-13,0.0032482847737040185,1.5987211554602254e-14,SUCCESS_EXACT
400,800,0.07,632.1024197039169,682,800,0.625546433722797,2.065056724188283e-08,0.37445354562660105,3.47499806707674e-14,SUCCESS_EXACT
400,800,0.08,744.5551708777342,800,800,0.24047433667060086,1.5981022083484774e-06,0.7595240652272208,2.9976021664879227e-14,SUCCESS_EXACT
400,800,0.09,788.5330871920712,800,800,0.05064971527558182,7.878311458354475e-05,0.9492715016098561,2.1538326677728037e-14,SUCCESS_EXACT
400,800,0.1,797.9042844971292,800,800,0.00641278744754295,0.0019997066543742423,0.9915875058981048,2.19824158875781e-14,SUCCESS_EXACT
400,800,0.11,794.5482665537055,800,800,0.0005685605769957243,0.023397489964690887,0.9760339494583246,1.1102230246251565e-14,SUCCESS_EXACT
400,800,0.12,770.4836366547084,800,800,4.2336374538246245e-05,0.1306276895301024,0.869329974095361,1.5543122344752192e-15,SUCCESS_EXACT
400,800,0.13,704.0436359454801,800,800,3.115604411625028e-06,0.38666554019505667,0.6133313442005324,6.661338147750939e-16,SUCCESS_EXACT
400,800,0.15,479.8022364976965,456,797,2.1331858335185962e-08,0.9028328408325809,0.09716713783554709,1.3766765505351941e-14,SUCCESS_EXACT
400,800,0.2,201.3068523305284,191,293,2.307697799070388e-13,0.9999994326000198,5.673997606608359e-07,1.1324274851176597e-14,SUCCESS_EXACT
400,800,0.3,90.35617656292143,88,123,0.0,0.9999999999999949,0.0,5.10702591327572e-15,SUCCESS_EXACT
400,1600,0.01,164.76560943952896,157,193,0.9999999999999983,0.0,0.0,1.6653345369377348e-15,SUCCESS_EXACT
400,1600,0.03,225.7022229079935,217,288,0.9999999999999931,0.0,0.0,6.8833827526759706e-15,SUCCESS_EXACT
400,1600,0.05,354.44801310893894,335,510,0.9999999254093112,8.549747935045227e-13,7.458981785223207e-08,1.5987211554602254e-14,SUCCESS_EXACT
400,1600,0.07,753.929920780028,682,1280,0.9627290219165388,2.0679336709706285e-08,0.03727095740408319,4.141131881851834e-14,SUCCESS_EXACT
400,1600,0.08,1188.442817334054,1303,1600,0.6218882386464551,1.6677580862505324e-06,0.37811009359550773,4.929390229335695e-14,SUCCESS_EXACT
400,1600,0.09,1506.2348870051023,1600,1600,0.15488007543144183,0.0001097920043552539,0.8450101325642442,4.1300296516055823e-14,SUCCESS_EXACT
400,1600,0.1,1586.4179021120108,1600,1600,0.01452818222269934,0.004932758747043446,0.9805390590303003,4.3076653355456074e-14,SUCCESS_EXACT
400,1600,0.11,1552.5470563071317,1600,1600,0.0008143142812271218,0.08268215075250453,0.9165035349662904,2.220446049250313e-14,SUCCESS_EXACT
400,1600,0.12,1349.3053141082232,1600,1600,4.6387113230983104e-05,0.4224372369259301,0.5775163759608409,1.9984014443252818e-15,SUCCESS_EXACT
400,1600,0.13,988.8872206652198,949,1600,3.160648097538579e-06,0.8329933703721171,0.16700346897978624,8.881784197001252e-16,SUCCESS_EXACT
400,1600,0.15,496.83415543216205,456,797,2.1333973475646424e-08,0.9992655141099704,0.0007344645560413888,1.4654943925052066e-14,SUCCESS_EXACT
400,1600,0.2,201.3068750853008,191,293,2.307697799070388e-13,0.9999999999997788,1.1883831247199912e-16,9.769962616701378e-15,SUCCESS_EXACT
400,1600,0.3,90.35617656292143,88,123,0.0,0.9999999999999949,0.0,5.10702591327572e-15,SUCCESS_EXACT
400,3200,0.01,164.76560943952896,157,193,0.9999999999999983,0.0,0.0,1.6653345369377348e-15,SUCCESS_EXACT
400,3200,0.03,225.7022229079935,217,288,0.9999999999999931,0.0,0.0,6.8833827526759706e-15,SUCCESS_EXACT
400,3200,0.05,354.44801813632904,335,510,0.9999999999991279,8.549747935045227e-13,0.0,1.709743457922741e-14,SUCCESS_EXACT
400,3200,0.07,765.0676791096995,682,1280,0.9998594089055293,2.0679340974072936e-08,0.0001405704150869201,4.2743586448068527e-14,SUCCESS_EXACT
400,3200,0.08,1481.5423677289882,1303,2839,0.9341439000122275,1.6684903766398402e-06,0.06585443149745715,6.128431095930864e-14,SUCCESS_EXACT
400,3200,0.09,2700.3337826475176,3200,3200,0.34648781198184103,0.00011560918065764151,0.6533965788375755,7.416289804496046e-14,SUCCESS_EXACT
400,3200,0.1,3144.531862652242,3200,3200,0.022949432756852028,0.008448627753136382,0.9686019394900974,8.593126210598712e-14,SUCCESS_EXACT
400,3200,0.11,2911.3102852717866,3200,3200,0.0008660613294484168,0.2186330858122026,0.7805008528583904,4.1522341120980855e-14,SUCCESS_EXACT
400,3200,0.12,1916.1654908730434,1832,3200,4.6486177337899155e-05,0.814639701031499,0.18531381279116724,4.218847493575595e-15,SUCCESS_EXACT
400,3200,0.13,1069.330474000141,949,1868,3.1607275300542607e-06,0.994360019968695,0.005636819303774122,7.771561172376096e-16,SUCCESS_EXACT
400,3200,0.15,496.94297422368385,456,797,2.1333973475646424e-08,0.9999999710492148,7.616796940450098e-09,1.4765966227514582e-14,SUCCESS_EXACT
400,3200,0.2,201.3068750853008,191,293,2.307697799070388e-13,0.9999999999997788,0.0,9.547918011776346e-15,SUCCESS_EXACT
400,3200,0.3,90.35617656292143,88,123,0.0,0.9999999999999949,0.0,5.10702591327572e-15,SUCCESS_EXACT
800,800,0.01,223.41576932182366,221,244,0.9999999999999982,0.0,0.0,1.7763568394002505e-15,SUCCESS_EXACT
800,800,0.03,300.6118897084029,289,369,0.9999999708344698,0.0,2.91655217937004e-08,8.43769498715119e-15,SUCCESS_EXACT
800,800,0.05,455.78896384174215,436,616,0.9880271395073434,1.7458956053525154e-16,0.01197286049263558,2.0761170560490427e-14,SUCCESS_EXACT
800,800,0.07,715.4028429723488,800,800,0.4448473855688454,1.9518559779982077e-10,0.5551526142359297,3.930189507173054e-14,SUCCESS_EXACT
800,800,0.08,780.4240009257337,800,800,0.12120777301853845,6.35992741221119e-08,0.8787921633822203,3.2862601528904634e-14,SUCCESS_EXACT
800,800,0.09,797.3468777831396,800,800,0.017166939083574195,8.49133718907921e-06,0.9828245695792591,2.2426505097428162e-14,SUCCESS_EXACT
800,800,0.1,799.7007243800028,800,800,0.0013876135894901214,0.0004150261416122846,0.99819736026892,2.2426505097428162e-14,SUCCESS_EXACT
800,800,0.11,798.7107814331831,800,800,7.206343500883885e-05,0.00776554555161425,0.9921623910133873,1.0436096431476471e-14,SUCCESS_EXACT
800,800,0.12,789.473417718326,800,800,2.7486864286240684e-06,0.06241324592833025,0.9375840053852431,1.9984014443252818e-15,SUCCESS_EXACT
800,800,0.13,753.7402114426416,800,800,8.916054362618667e-08,0.24644057561109314,0.7535593352283635,2.220446049250313e-16,SUCCESS_EXACT
800,800,0.15,573.486714269961,570,800,9.449866069993171e-11,0.8206605797662,0.17933942013928542,1.5987211554602254e-14,SUCCESS_EXACT
800,800,0.2,259.9662428454306,251,358,7.899223226494051e-18,0.9999967585753564,3.2414246579890685e-06,1.4432899320127035e-14,SUCCESS_EXACT
800,800,0.3,120.42529961562478,118,156,0.0,0.9999999999999946,0.0,5.440092820663267e-15,SUCCESS_EXACT
800,1600,0.01,223.41576932182366,221,244,0.9999999999999982,0.0,0.0,1.7763568394002505e-15,SUCCESS_EXACT
800,1600,0.03,300.611890474269,289,369,0.9999999999999915,0.0,0.0,8.548717289613705e-15,SUCCESS_EXACT
800,1600,0.05,456.73764782174584,436,616,0.9999998112706798,1.7458956053525154e-16,1.8872929884420808e-07,2.1094237467877974e-14,SUCCESS_EXACT
800,1600,0.07,902.4710452702733,851,1424,0.9442741710050132,1.9891277293723943e-10,0.055725828796024085,4.9960036108132044e-14,SUCCESS_EXACT
800,1600,0.08,1313.9480731407393,1512,1600,0.5404675949986227,7.923925201564557e-08,0.45953232576218006,5.484501741648273e-14,SUCCESS_EXACT
800,1600,0.09,1551.6182719216813,1600,1600,0.1046614692561325,2.0022082740382653e-05,0.8953185086611705,4.3298697960381105e-14,SUCCESS_EXACT
800,1600,0.1,1595.635428940666,1600,1600,0.006518102922470403,0.0020361880653798565,0.9914457090121935,4.374278717023117e-14,SUCCESS_EXACT
800,1600,0.11,1576.7334905649184,1600,1600,0.00018477325343497619,0.0520801460975045,0.9477350806490819,2.1316282072803006e-14,SUCCESS_EXACT
800,1600,0.12,1434.281438396967,1600,1600,4.0589880838739e-06,0.34172244099409527,0.6582735000178239,3.1086244689504383e-15,SUCCESS_EXACT
800,1600,0.13,1119.7304616880717,1118,1600,9.959586393681354e-08,0.7788613431357903,0.22113855726834616,2.220446049250313e-16,SUCCESS_EXACT
800,1600,0.15,605.3653982589293,570,911,9.478030580004036e-11,0.9986456174674656,0.0013543824377375017,1.6542323066914832e-14,SUCCESS_EXACT
800,1600,0.2,259.96636422464354,251,358,7.899223226494051e-18,1.0000000000000115,5.273295961164105e-16,1.199040866595169e-14,SUCCESS_EXACT
800,1600,0.3,120.42529961562478,118,156,0.0,0.9999999999999946,0.0,5.440092820663267e-15,SUCCESS_EXACT
800,3200,0.01,223.41576932182366,221,244,0.9999999999999982,0.0,0.0,1.7763568394002505e-15,SUCCESS_EXACT
800,3200,0.03,300.611890474269,289,369,0.9999999999999915,0.0,0.0,8.548717289613705e-15,SUCCESS_EXACT
800,3200,0.05,456.73766161431956,436,616,0.9999999999999774,1.7458956053525154e-16,0.0,2.2426505097428162e-14,SUCCESS_EXACT
800,3200,0.07,918.9761919123506,851,1424,0.9998243216325147,1.9891425366695938e-10,0.0001756781685193931,5.1736392947532295e-14,SUCCESS_EXACT
800,3200,0.08,1665.624092139767,1512,2965,0.9248780095822103,7.959723110563775e-08,0.07512191082062848,6.994405055138486e-14,SUCCESS_EXACT
800,3200,0.09,2817.7468634859624,3200,3200,0.31104629005478346,2.3950381550609327e-05,0.6889297595637441,7.815970093361102e-14,SUCCESS_EXACT
800,3200,0.1,3172.484038743255,3200,3200,0.014460075520625459,0.005090393292715638,0.9804495311867457,8.681944052568724e-14,SUCCESS_EXACT
800,3200,0.11,2986.7329686756466,3200,3200,0.00022506448092894288,0.19019657848993268,0.8095783570291798,4.1300296516055823e-14,SUCCESS_EXACT
800,3200,0.12,2078.1444954587814,2036,3200,4.1202711441669744e-06,0.7938669789204738,0.20612890080838547,3.3306690738754696e-15,SUCCESS_EXACT
800,3200,0.13,1224.254291461007,1118,2003,9.963553653082416e-08,0.9932324052016351,0.0067674951628298435,1.5543122344752192e-15,SUCCESS_EXACT
800,3200,0.15,605.5605188381531,570,911,9.478030580004036e-11,0.9999999893886291,1.0516573711886665e-08,1.687538997430238e-14,SUCCESS_EXACT
800,3200,0.2,259.96636422464354,251,358,7.899223226494051e-18,1.0000000000000115,0.0,1.1546319456101628e-14,SUCCESS_EXACT
800,3200,0.3,120.42529961562478,118,156,0.0,0.9999999999999946,0.0,5.440092820663267e-15,SUCCESS_EXACT
1600,1600,0.01,306.74157303325234,306,339,0.9999999999999973,0.0,0.0,2.6645352591003757e-15,SUCCESS_EXACT
1600,1600,0.03,407.43203304538144,405,482,0.9999999999999881,0.0,0.0,1.1879386363489175e-14,SUCCESS_EXACT
1600,1600,0.05,604.3901523206183,591,777,0.999998377044126,0.0,1.6229558469648289e-06,2.708944180085382e-14,SUCCESS_EXACT
1600,1600,0.07,1115.7269931764413,1092,1600,0.8788622562820307,2.977125404481977e-13,0.12113774371760974,6.17284001691587e-14,SUCCESS_EXACT
1600,1600,0.08,1459.0311949893014,1600,1600,0.3716455722252343,1.1039753446858713e-09,0.6283544266708507,6.039613253960852e-14,SUCCESS_EXACT
1600,1600,0.09,1585.672267980127,1600,1600,0.04441503744985356,1.489229262667788e-06,0.9555834733209282,4.440892098500626e-14,SUCCESS_EXACT
1600,1600,0.1,1599.3467507375276,1600,1600,0.0015071616781478468,0.0004102844821830421,0.9980825538397126,4.3520742565306136e-14,SUCCESS_EXACT
1600,1600,0.11,1593.5839306327675,1600,1600,1.889470855019547e-05,0.019933484728508942,0.980047620562963,2.220446049250313e-14,SUCCESS_EXACT
1600,1600,0.12,1525.163861803108,1600,1600,1.318410836811447e-07,0.20775260216900593,0.7922472659899131,2.6645352591003757e-15,SUCCESS_EXACT
1600,1600,0.13,1298.1524900315083,1381,1600,8.144747267992976e-10,0.6469392001398981,0.3530607990456269,2.220446049250313e-16,SUCCESS_EXACT
1600,1600,0.15,767.281222579651,736,1088,4.830975636444497e-14,0.9956943790357097,0.004305620964220447,2.1538326677728037e-14,SUCCESS_EXACT
1600,1600,0.2,344.4800531190284,336,454,0.0,1.00000000000001,8.746163134234279e-15,1.865174681370263e-14,SUCCESS_EXACT
1600,1600,0.3,163.2871718059996,161,203,0.0,0.9999999999999917,0.0,8.326672684688674e-15,SUCCESS_EXACT
1600,3200,0.01,306.74157303325234,306,339,0.9999999999999973,0.0,0.0,2.6645352591003757e-15,SUCCESS_EXACT
1600,3200,0.03,407.43203304538144,405,482,0.9999999999999881,0.0,0.0,1.1879386363489175e-14,SUCCESS_EXACT
1600,3200,0.05,604.3902696820118,591,777,0.9999999999999728,0.0,0.0,2.7200464103316335e-14,SUCCESS_EXACT
1600,3200,0.07,1152.1047454823026,1092,1665,0.999651806077449,2.9778004921707224e-13,0.0003481939221889708,6.428191312579656e-14,SUCCESS_EXACT
1600,3200,0.08,1958.6268387397063,1858,3200,0.8931610624892233,1.154712267944465e-09,0.10683893635614537,8.08242361927114e-14,SUCCESS_EXACT
1600,3200,0.09,2969.4999656447776,3200,3200,0.23721821791255226,2.6683159328218787e-06,0.7627791137715976,8.260059303211165e-14,SUCCESS_EXACT
1600,3200,0.1,3191.0231093213843,3200,3200,0.006571660216897725,0.002075792700366446,0.9913525470828227,8.681944052568724e-14,SUCCESS_EXACT
1600,3200,0.11,3080.2738042078176,3200,3200,3.508037692418109e-05,0.13425598852963908,0.8657089310934802,4.3520742565306136e-14,SUCCESS_EXACT
1600,3200,0.12,2339.7410558529295,2389,3200,1.4675502339859652e-07,0.7310008177383073,0.26899903550667414,4.884981308350689e-15,SUCCESS_EXACT
1600,3200,0.13,1472.0472032595874,1381,2255,8.20669099626917e-10,0.9886378515037666,0.011362147675563187,1.1102230246251565e-15,SUCCESS_EXACT
1600,3200,0.15,767.9088209071205,736,1088,4.830975636444497e-14,0.999999971084311,2.8915618894472652e-08,2.1760371282653068e-14,SUCCESS_EXACT
1600,3200,0.2,344.4800531190284,336,454,0.0,1.0000000000000164,0.0,1.6431300764452317e-14,SUCCESS_EXACT
1600,3200,0.3,163.2871718059996,161,203,0.0,0.9999999999999917,0.0,8.326672684688674e-15,SUCCESS_EXACT
