case,x1,x2,y,z,n_states,n_edges,row_sum_error,spectral_radius,absorption_margin,status,closed_class_count,high_precision_reward_solve,condition_number,condition_warning,linear_residual,cost_purchase_1,cost_purchase_2,cost_inspection_1,cost_inspection_2,cost_assembly,cost_product_inspection,cost_disassembly,cost_replacement_loss,expected_purchases_1,expected_purchases_2,expected_inspections_1,expected_inspections_2,expected_product_inspections,expected_assemblies,expected_disassemblies,expected_replacements,expected_total_cost,expected_profit,success_probability,factory_defect_rate,exchange_rate,coverage,nominal_profit,worst_profit,worst_parameter_location,robust_status,strategy_bits
1,0,0,0,0,17,20,0.0,0.7701828755488183,0.22981712445118174,SUCCESS_EXACT,0,False,24.310136167821977,False,1.1090062107940233e-17,5.486968449931415,24.691358024691358,0.0,0.0,8.230452674897121,0.0,0.0,2.230452674897119,1.3717421124828537,1.3717421124828537,0.0,0.0,0.0,1.3717421124828535,0.0,0.37174211248285327,40.63923182441701,15.36076817558299,1.0,0.271,0.37174211248285327,90,15.36076817558299,-0.36468791479314433,"{""p1"": 0.18307901081197567, ""p2"": 0.18307901081197567, ""pf"": 0.18307901081197567}",ROBUST_UNCERTIFIED,0000
1,0,0,0,1,33,36,0.0,1.0000000000000004,-4.440892098500626e-16,NON_ABSORBING,3,False,,,,,,,,,,,,,,,,,,,,,,,,,90,-inf,-inf,"{""p1"": 0.045870556724087796, ""p2"": 0.045870556724087796, ""pf"": 0.045870556724087796}",ROBUST_UNCERTIFIED,0001
1,0,0,1,0,17,20,0.0,0.7701828755488183,0.22981712445118174,SUCCESS_EXACT,0,False,24.310136167821977,False,1.3021687761395176e-17,5.486968449931415,24.691358024691358,0.0,0.0,8.230452674897121,4.1152263374485605,0.0,0.0,1.3717421124828537,1.3717421124828537,0.0,0.0,1.3717421124828535,1.3717421124828535,0.0,0.0,42.52400548696845,13.475994513031551,1.0,0.0,0.0,90,13.475994513031551,-0.8619213340761007,"{""p1"": 0.18307901081197567, ""p2"": 0.18307901081197567, ""pf"": 0.18307901081197567}",ROBUST_UNCERTIFIED,0010
1,0,0,1,1,33,36,0.0,1.0000000000000004,-4.440892098500626e-16,NON_ABSORBING,3,False,,,,,,,,,,,,,,,,,,,,,,,,,90,-inf,-inf,"{""p1"": 0.045870556724087796, ""p2"": 0.045870556724087796, ""pf"": 0.045870556724087796}",ROBUST_UNCERTIFIED,0011
1,0,1,0,0,15,20,0.0,0.7428324017709614,0.25716759822903856,SUCCESS_EXACT,0,False,19.25696010481656,False,1.8050263616324568e-17,4.938271604938272,24.691358024691358,0.0,4.11522633744856,7.407407407407407,0.0,0.0,1.4074074074074074,1.234567901234568,1.3717421124828533,0.0,1.3717421124828535,0.0,1.2345679012345678,0.0,0.2345679012345679,42.559670781893004,13.440329218106996,1.0,0.19,0.2345679012345679,90,13.440329218106996,-0.4944354964335105,"{""p1"": 0.18307901081197567, ""p2"": 0.18307901081197567, ""pf"": 0.18307901081197567}",ROBUST_UNCERTIFIED,0100
1,0,1,0,1,23,28,0.0,1.0000000000000004,-4.440892098500626e-16,NON_ABSORBING,1,False,,,,,,,,,,,,,,,,,,,,,,,,,90,-inf,-inf,"{""p1"": 0.045870556724087796, ""p2"": 0.045870556724087796, ""pf"": 0.045870556724087796}",ROBUST_UNCERTIFIED,0101
1,0,1,1,0,15,20,0.0,0.7428324017709614,0.25716759822903856,SUCCESS_EXACT,0,False,19.25696010481656,False,1.799925949632344e-17,4.938271604938272,24.691358024691358,0.0,4.11522633744856,7.407407407407407,3.7037037037037037,0.0,0.0,1.234567901234568,1.3717421124828533,0.0,1.3717421124828535,1.2345679012345678,1.2345679012345678,0.0,0.0,44.855967078189295,11.144032921810705,1.0,0.0,0.0,90,11.144032921810705,-1.999109978043343,"{""p1"": 0.18307901081197567, ""p2"": 0.18307901081197567, ""pf"": 0.18307901081197567}",ROBUST_UNCERTIFIED,0110
1,0,1,1,1,23,28,0.0,1.0000000000000004,-4.440892098500626e-16,NON_ABSORBING,1,False,,,,,,,,,,,,,,,,,,,,,,,,,90,-inf,-inf,"{""p1"": 0.045870556724087796, ""p2"": 0.045870556724087796, ""pf"": 0.045870556724087796}",ROBUST_UNCERTIFIED,0111
1,1,0,0,0,13,18,0.0,0.7320468484390047,0.2679531515609953,SUCCESS_EXACT,0,False,17.58600381666967,False,7.967767912629718e-18,5.486968449931413,22.22222222222222,2.7434842249657065,0.0,7.407407407407408,0.0,0.0,1.4074074074074074,1.3717421124828533,1.2345679012345678,1.3717421124828533,0.0,0.0,1.234567901234568,0.0,0.23456790123456792,39.26748971193416,16.73251028806584,1.0000000000000002,0.19000000000000003,0.23456790123456792,90,16.73251028806584,6.041211654664252,"{""p1"": 0.18307901081197567, ""p2"": 0.18307901081197567, ""pf"": 0.18307901081197567}",ROBUST_UNCERTIFIED,1000
1,1,0,0,1,21,26,0.0,1.0000000000000004,-4.440892098500626e-16,NON_ABSORBING,1,False,,,,,,,,,,,,,,,,,,,,,,,,,90,-inf,-inf,"{""p1"": 0.045870556724087796, ""p2"": 0.045870556724087796, ""pf"": 0.045870556724087796}",ROBUST_UNCERTIFIED,1001
1,1,0,1,0,13,18,0.0,0.7320468484390047,0.2679531515609953,SUCCESS_EXACT,0,False,17.58600381666967,False,7.939629366954588e-18,5.486968449931413,22.22222222222222,2.7434842249657065,0.0,7.407407407407408,3.703703703703704,0.0,0.0,1.3717421124828533,1.2345679012345678,1.3717421124828533,0.0,1.234567901234568,1.234567901234568,0.0,0.0,41.56378600823045,14.436213991769549,1.0000000000000002,0.0,0.0,90,14.436213991769549,4.536537173054413,"{""p1"": 0.18307901081197567, ""p2"": 0.18307901081197567, ""pf"": 0.18307901081197567}",ROBUST_UNCERTIFIED,1010
1,1,0,1,1,21,26,0.0,1.0000000000000004,-4.440892098500626e-16,NON_ABSORBING,1,False,,,,,,,,,,,,,,,,,,,,,,,,,90,-inf,-inf,"{""p1"": 0.045870556724087796, ""p2"": 0.045870556724087796, ""pf"": 0.045870556724087796}",ROBUST_UNCERTIFIED,1011
1,1,1,0,0,14,20,0.0,0.6840816029107268,0.31591839708927316,SUCCESS_EXACT,0,False,15.379489434807171,False,1.0172010820737188e-17,4.938271604938272,22.22222222222222,2.469135802469136,3.703703703703704,6.666666666666667,0.0,0.0,0.6666666666666665,1.234567901234568,1.234567901234568,1.234567901234568,1.234567901234568,0.0,1.1111111111111112,0.0,0.11111111111111109,40.66666666666667,15.333333333333329,1.0000000000000002,0.09999999999999998,0.11111111111111109,90,15.333333333333329,6.852767257666635,"{""p1"": 0.18307901081197567, ""p2"": 0.18307901081197567, ""pf"": 0.18307901081197567}",ROBUST_UNCERTIFIED,1100
1,1,1,0,1,18,24,0.0,0.5623413251903493,0.4376586748096507,SUCCESS_EXACT,0,False,13.872634446945742,False,1.3997423909605957e-17,4.444444444444445,20.0,2.4444444444444446,3.6666666666666665,6.666666666666668,0.0,0.5555555555555555,0.6666666666666666,1.1111111111111112,1.1111111111111112,1.2222222222222223,1.2222222222222223,0.0,1.1111111111111112,0.1111111111111111,0.1111111111111111,38.44444444444444,17.555555555555557,1.0,0.09999999999999999,0.1111111111111111,90,17.555555555555557,12.018679102977416,"{""p1"": 0.18307901081197567, ""p2"": 0.18307901081197567, ""pf"": 0.18307901081197567}",ROBUST_UNCERTIFIED,1101
1,1,1,1,0,14,20,0.0,0.6840816029107268,0.31591839708927316,SUCCESS_EXACT,0,False,15.379489434807171,False,1.3360348048745505e-17,4.938271604938272,22.22222222222222,2.469135802469136,3.703703703703704,6.666666666666667,3.3333333333333335,0.0,0.0,1.234567901234568,1.234567901234568,1.234567901234568,1.234567901234568,1.1111111111111112,1.1111111111111112,0.0,0.0,43.333333333333336,12.666666666666664,1.0000000000000002,0.0,0.0,90,12.666666666666664,4.525093026872099,"{""p1"": 0.18307901081197567, ""p2"": 0.18307901081197567, ""pf"": 0.18307901081197567}",ROBUST_UNCERTIFIED,1110
1,1,1,1,1,18,24,0.0,0.5623413251903493,0.4376586748096507,SUCCESS_EXACT,0,False,13.872634446945742,False,1.6402051006136328e-17,4.444444444444445,20.0,2.4444444444444446,3.6666666666666665,6.666666666666668,3.333333333333334,0.5555555555555555,0.0,1.1111111111111112,1.1111111111111112,1.2222222222222223,1.2222222222222223,1.1111111111111112,1.1111111111111112,0.1111111111111111,0.0,41.111111111111114,14.888888888888886,1.0,0.0,0.0,90,14.888888888888886,9.691004872182887,"{""p1"": 0.18307901081197567, ""p2"": 0.18307901081197567, ""pf"": 0.18307901081197567}",ROBUST_UNCERTIFIED,1111
1,0,0,0,0,17,20,0.0,0.7701828755488183,0.22981712445118174,SUCCESS_EXACT,0,False,24.310136167821977,False,1.1090062107940233e-17,5.486968449931415,24.691358024691358,0.0,0.0,8.230452674897121,0.0,0.0,2.230452674897119,1.3717421124828537,1.3717421124828537,0.0,0.0,0.0,1.3717421124828535,0.0,0.37174211248285327,40.63923182441701,15.36076817558299,1.0,0.271,0.37174211248285327,95,15.36076817558299,-2.9786824470594695,"{""p1"": 0.19418377920641908, ""p2"": 0.19418377920641908, ""pf"": 0.19418377920641908}",ROBUST_UNCERTIFIED,0000
1,0,0,0,1,33,36,0.0,1.0000000000000004,-4.440892098500626e-16,NON_ABSORBING,3,False,,,,,,,,,,,,,,,,,,,,,,,,,95,-inf,-inf,"{""p1"": 0.04119586025090358, ""p2"": 0.04119586025090358, ""pf"": 0.04119586025090358}",ROBUST_UNCERTIFIED,0001
1,0,0,1,0,17,20,0.0,0.7701828755488183,0.22981712445118174,SUCCESS_EXACT,0,False,24.310136167821977,False,1.3021687761395176e-17,5.486968449931415,24.691358024691358,0.0,0.0,8.230452674897121,4.1152263374485605,0.0,0.0,1.3717421124828537,1.3717421124828537,0.0,0.0,1.3717421124828535,1.3717421124828535,0.0,0.0,42.52400548696845,13.475994513031551,1.0,0.0,0.0,95,13.475994513031551,-3.2452692899659894,"{""p1"": 0.19418377920641908, ""p2"": 0.19418377920641908, ""pf"": 0.19418377920641908}",ROBUST_UNCERTIFIED,0010
1,0,0,1,1,33,36,0.0,1.0000000000000004,-4.440892098500626e-16,NON_ABSORBING,3,False,,,,,,,,,,,,,,,,,,,,,,,,,95,-inf,-inf,"{""p1"": 0.04119586025090358, ""p2"": 0.04119586025090358, ""pf"": 0.04119586025090358}",ROBUST_UNCERTIFIED,0011
1,0,1,0,0,15,20,0.0,0.7428324017709614,0.25716759822903856,SUCCESS_EXACT,0,False,19.25696010481656,False,1.8050263616324568e-17,4.938271604938272,24.691358024691358,0.0,4.11522633744856,7.407407407407407,0.0,0.0,1.4074074074074074,1.234567901234568,1.3717421124828533,0.0,1.3717421124828535,0.0,1.2345679012345678,0.0,0.2345679012345679,42.559670781893004,13.440329218106996,1.0,0.19,0.2345679012345679,95,13.440329218106996,-2.774304486306434,"{""p1"": 0.19418377920641908, ""p2"": 0.19418377920641908, ""pf"": 0.19418377920641908}",ROBUST_UNCERTIFIED,0100
1,0,1,0,1,23,28,0.0,1.0000000000000004,-4.440892098500626e-16,NON_ABSORBING,1,False,,,,,,,,,,,,,,,,,,,,,,,,,95,-inf,-inf,"{""p1"": 0.04119586025090358, ""p2"": 0.04119586025090358, ""pf"": 0.04119586025090358}",ROBUST_UNCERTIFIED,0101
1,0,1,1,0,15,20,0.0,0.7428324017709614,0.25716759822903856,SUCCESS_EXACT,0,False,19.25696010481656,False,1.799925949632344e-17,4.938271604938272,24.691358024691358,0.0,4.11522633744856,7.407407407407407,3.7037037037037037,0.0,0.0,1.234567901234568,1.3717421124828533,0.0,1.3717421124828535,1.2345679012345678,1.2345679012345678,0.0,0.0,44.855967078189295,11.144032921810705,1.0,0.0,0.0,95,11.144032921810705,-4.154227163809168,"{""p1"": 0.19418377920641908, ""p2"": 0.19418377920641908, ""pf"": 0.19418377920641908}",ROBUST_UNCERTIFIED,0110
1,0,1,1,1,23,28,0.0,1.0000000000000004,-4.440892098500626e-16,NON_ABSORBING,1,False,,,,,,,,,,,,,,,,,,,,,,,,,95,-inf,-inf,"{""p1"": 0.04119586025090358, ""p2"": 0.04119586025090358, ""pf"": 0.04119586025090358}",ROBUST_UNCERTIFIED,0111
1,1,0,0,0,13,18,0.0,0.7320468484390047,0.2679531515609953,SUCCESS_EXACT,0,False,17.58600381666967,False,7.967767912629718e-18,5.486968449931413,22.22222222222222,2.7434842249657065,0.0,7.407407407407408,0.0,0.0,1.4074074074074074,1.3717421124828533,1.2345679012345678,1.3717421124828533,0.0,0.0,1.234567901234568,0.0,0.23456790123456792,39.26748971193416,16.73251028806584,1.0000000000000002,0.19000000000000003,0.23456790123456792,95,16.73251028806584,4.332400460840404,"{""p1"": 0.19418377920641908, ""p2"": 0.19418377920641908, ""pf"": 0.19418377920641908}",ROBUST_UNCERTIFIED,1000
1,1,0,0,1,21,26,0.0,1.0000000000000004,-4.440892098500626e-16,NON_ABSORBING,1,False,,,,,,,,,,,,,,,,,,,,,,,,,95,-inf,-inf,"{""p1"": 0.04119586025090358, ""p2"": 0.04119586025090358, ""pf"": 0.04119586025090358}",ROBUST_UNCERTIFIED,1001
1,1,0,1,0,13,18,0.0,0.7320468484390047,0.2679531515609953,SUCCESS_EXACT,0,False,17.58600381666967,False,7.939629366954588e-18,5.486968449931413,22.22222222222222,2.7434842249657065,0.0,7.407407407407408,3.703703703703704,0.0,0.0,1.3717421124828533,1.2345679012345678,1.3717421124828533,0.0,1.234567901234568,1.234567901234568,0.0,0.0,41.56378600823045,14.436213991769549,1.0000000000000002,0.0,0.0,95,14.436213991769549,2.952477783337663,"{""p1"": 0.19418377920641908, ""p2"": 0.19418377920641908, ""pf"": 0.19418377920641908}",ROBUST_UNCERTIFIED,1010
1,1,0,1,1,21,26,0.0,1.0000000000000004,-4.440892098500626e-16,NON_ABSORBING,1,False,,,,,,,,,,,,,,,,,,,,,,,,,95,-inf,-inf,"{""p1"": 0.04119586025090358, ""p2"": 0.04119586025090358, ""pf"": 0.04119586025090358}",ROBUST_UNCERTIFIED,1011
1,1,1,0,0,14,20,0.0,0.6840816029107268,0.31591839708927316,SUCCESS_EXACT,0,False,15.379489434807171,False,1.0172010820737188e-17,4.938271604938272,22.22222222222222,2.469135802469136,3.703703703703704,6.666666666666667,0.0,0.0,0.6666666666666665,1.234567901234568,1.234567901234568,1.234567901234568,1.234567901234568,0.0,1.1111111111111112,0.0,0.11111111111111109,40.66666666666667,15.333333333333329,1.0000000000000002,0.09999999999999998,0.11111111111111109,95,15.333333333333329,5.527571106369152,"{""p1"": 0.19418377920641908, ""p2"": 0.19418377920641908, ""pf"": 0.19418377920641908}",ROBUST_UNCERTIFIED,1100
1,1,1,0,1,18,24,0.0,0.5623413251903493,0.4376586748096507,SUCCESS_EXACT,0,False,13.872634446945742,False,1.3997423909605957e-17,4.444444444444445,20.0,2.4444444444444446,3.6666666666666665,6.666666666666668,0.0,0.5555555555555555,0.6666666666666666,1.1111111111111112,1.1111111111111112,1.2222222222222223,1.2222222222222223,0.0,1.1111111111111112,0.1111111111111111,0.1111111111111111,38.44444444444444,17.555555555555557,1.0,0.09999999999999999,0.1111111111111111,95,17.555555555555557,11.19209028611511,"{""p1"": 0.19418377920641908, ""p2"": 0.19418377920641908, ""pf"": 0.19418377920641908}",ROBUST_UNCERTIFIED,1101
1,1,1,1,0,14,20,0.0,0.6840816029107268,0.31591839708927316,SUCCESS_EXACT,0,False,15.379489434807171,False,1.3360348048745505e-17,4.938271604938272,22.22222222222222,2.469135802469136,3.703703703703704,6.666666666666667,3.3333333333333335,0.0,0.0,1.234567901234568,1.234567901234568,1.234567901234568,1.234567901234568,1.1111111111111112,1.1111111111111112,0.0,0.0,43.333333333333336,12.666666666666664,1.0000000000000002,0.0,0.0,95,12.666666666666664,3.250504354158025,"{""p1"": 0.19418377920641908, ""p2"": 0.19418377920641908, ""pf"": 0.19418377920641908}",ROBUST_UNCERTIFIED,1110
1,1,1,1,1,18,24,0.0,0.5623413251903493,0.4376586748096507,SUCCESS_EXACT,0,False,13.872634446945742,False,1.6402051006136328e-17,4.444444444444445,20.0,2.4444444444444446,3.6666666666666665,6.666666666666668,3.333333333333334,0.5555555555555555,0.0,1.1111111111111112,1.1111111111111112,1.2222222222222223,1.2222222222222223,1.1111111111111112,1.1111111111111112,0.1111111111111111,0.0,41.111111111111114,14.888888888888886,1.0,0.0,0.0,95,14.888888888888886,8.915023533903977,"{""p1"": 0.19418377920641908, ""p2"": 0.19418377920641908, ""pf"": 0.19418377920641908}",ROBUST_UNCERTIFIED,1111
2,0,0,0,0,17,20,2.220446049250313e-16,0.8663312180816857,0.13366878191831433,SUCCESS_EXACT,0,False,31.085738306325265,False,1.5907673188658957e-17,7.812500000000002,35.15625000000001,0.0,0.0,11.718750000000005,0.0,0.0,5.718750000000001,1.9531250000000004,1.9531250000000004,0.0,0.0,0.0,1.9531250000000007,0.0,0.9531250000000001,60.406250000000014,-4.406250000000014,1.0000000000000004,0.48800000000000004,0.9531250000000001,90,-4.406250000000014,-37.02596366135779,"{""p1"": 0.2997658618400198, ""p2"": 0.2997658618400198, ""pf"": 0.2997658618400198}",ROBUST_UNCERTIFIED,0000
2,0,0,0,1,33,36,2.220446049250313e-16,1.0000000000000004,-4.440892098500626e-16,NON_ABSORBING,3,False,,,,,,,,,,,,,,,,,,,,,,,,,90,-inf,-inf,"{""p1"": 0.12150361354262595, ""p2"": 0.12150361354262595, ""pf"": 0.12150361354262595}",ROBUST_UNCERTIFIED,0001
2,0,0,1,0,17,20,2.220446049250313e-16,0.8663312180816857,0.13366878191831433,SUCCESS_EXACT,0,False,31.085738306325265,False,1.8314172149151992e-17,7.812500000000002,35.15625000000001,0.0,0.0,11.718750000000005,5.859375000000003,0.0,0.0,1.9531250000000004,1.9531250000000004,0.0,0.0,1.9531250000000007,1.9531250000000007,0.0,0.0,60.546875000000014,-4.546875000000014,1.0000000000000004,0.0,0.0,90,-4.546875000000014,-34.288378632414464,"{""p1"": 0.2997658618400198, ""p2"": 0.2997658618400198, ""pf"": 0.2997658618400198}",ROBUST_UNCERTIFIED,0010
2,0,0,1,1,33,36,2.220446049250313e-16,1.0000000000000004,-4.440892098500626e-16,NON_ABSORBING,3,False,,,,,,,,,,,,,,,,,,,,,,,,,90,-inf,-inf,"{""p1"": 0.12150361354262595, ""p2"": 0.12150361354262595, ""pf"": 0.12150361354262595}",ROBUST_UNCERTIFIED,0011
2,0,1,0,0,15,20,2.220446049250313e-16,0.8449987395578444,0.15500126044215556,SUCCESS_EXACT,0,False,22.893597097991993,False,5.499220266987618e-18,6.25,35.15625000000001,0.0,5.859375000000001,9.375000000000002,0.0,0.0,3.375000000000001,1.5625,1.953125,0.0,1.9531250000000004,0.0,1.5625000000000004,0.0,0.5625000000000001,60.015625000000014,-4.015625000000014,1.0000000000000004,0.3600000000000001,0.5625000000000001,90,-4.015625000000014,-31.79432358842564,"{""p1"": 0.2997658618400198, ""p2"": 0.2997658618400198, ""pf"": 0.2997658618400198}",ROBUST_UNCERTIFIED,0100
2,0,1,0,1,23,28,2.220446049250313e-16,1.0000000000000004,-4.440892098500626e-16,NON_ABSORBING,1,False,,,,,,,,,,,,,,,,,,,,,,,,,90,-inf,-inf,"{""p1"": 0.12150361354262595, ""p2"": 0.12150361354262595, ""pf"": 0.12150361354262595}",ROBUST_UNCERTIFIED,0101
2,0,1,1,0,15,20,2.220446049250313e-16,0.8449987395578444,0.15500126044215556,SUCCESS_EXACT,0,False,22.893597097991993,False,6.135190761466265e-18,6.25,35.15625000000001,0.0,5.859375000000001,9.375000000000002,4.687500000000001,0.0,0.0,1.5625,1.953125,0.0,1.9531250000000004,1.5625000000000004,1.5625000000000004,0.0,0.0,61.328125000000014,-5.328125000000014,1.0000000000000004,0.0,0.0,90,-5.328125000000014,-31.675968266083956,"{""p1"": 0.2997658618400198, ""p2"": 0.2997658618400198, ""pf"": 0.2997658618400198}",ROBUST_UNCERTIFIED,0110
2,0,1,1,1,23,28,2.220446049250313e-16,1.0000000000000004,-4.440892098500626e-16,NON_ABSORBING,1,False,,,,,,,,,,,,,,,,,,,,,,,,,90,-inf,-inf,"{""p1"": 0.12150361354262595, ""p2"": 0.12150361354262595, ""pf"": 0.12150361354262595}",ROBUST_UNCERTIFIED,0111
2,1,0,0,0,13,18,2.220446049250313e-16,0.8342651361562976,0.1657348638437024,SUCCESS_EXACT,0,False,20.851835377750415,False,6.6488715136628214e-18,7.8125,28.125,3.906250000000001,0.0,9.375000000000004,0.0,0.0,3.3750000000000004,1.953125,1.5625,1.9531250000000004,0.0,0.0,1.5625000000000004,0.0,0.5625000000000001,52.59375,3.40625,1.0000000000000002,0.3600000000000001,0.5625000000000001,90,3.40625,-16.65872328130348,"{""p1"": 0.2997658618400198, ""p2"": 0.2997658618400198, ""pf"": 0.2997658618400198}",ROBUST_UNCERTIFIED,1000
2,1,0,0,1,21,26,2.220446049250313e-16,1.0000000000000004,-4.440892098500626e-16,NON_ABSORBING,1,False,,,,,,,,,,,,,,,,,,,,,,,,,90,-inf,-inf,"{""p1"": 0.12150361354262595, ""p2"": 0.12150361354262595, ""pf"": 0.12150361354262595}",ROBUST_UNCERTIFIED,1001
2,1,0,1,0,13,18,2.220446049250313e-16,0.8342651361562976,0.1657348638437024,SUCCESS_EXACT,0,False,20.851835377750415,False,7.47125351535398e-18,7.8125,28.125,3.906250000000001,0.0,9.375000000000004,4.687500000000002,0.0,0.0,1.953125,1.5625,1.9531250000000004,0.0,1.5625000000000004,1.5625000000000004,0.0,0.0,53.90625000000001,2.093749999999993,1.0000000000000002,0.0,0.0,90,2.093749999999993,-16.54036795896181,"{""p1"": 0.2997658618400198, ""p2"": 0.2997658618400198, ""pf"": 0.2997658618400198}",ROBUST_UNCERTIFIED,1010
2,1,0,1,1,21,26,2.220446049250313e-16,1.0000000000000004,-4.440892098500626e-16,NON_ABSORBING,1,False,,,,,,,,,,,,,,,,,,,,,,,,,90,-inf,-inf,"{""p1"": 0.12150361354262595, ""p2"": 0.12150361354262595, ""pf"": 0.12150361354262595}",ROBUST_UNCERTIFIED,1011
2,1,1,0,0,14,20,2.220446049250313e-16,0.7929318157822878,0.20706818421771223,SUCCESS_EXACT,0,False,17.74702470491091,False,2.7215847241028872e-17,6.25,28.125,3.125000000000001,4.687500000000001,7.500000000000002,0.0,0.0,1.5,1.5625,1.5625,1.5625000000000004,1.5625000000000002,0.0,1.2500000000000002,0.0,0.25,51.1875,4.8125,1.0000000000000002,0.2,0.25,90,4.8125,-10.20232296546095,"{""p1"": 0.2997658618400198, ""p2"": 0.2997658618400198, ""pf"": 0.2997658618400198}",ROBUST_UNCERTIFIED,1100
2,1,1,0,1,18,24,2.220446049250313e-16,0.6687403049764222,0.33125969502357777,SUCCESS_EXACT,0,False,14.833370582267325,False,7.632783294297952e-18,5.0,22.5,3.0000000000000004,4.500000000000001,7.500000000000001,0.0,1.25,1.4999999999999998,1.25,1.25,1.5000000000000002,1.5000000000000002,0.0,1.2500000000000002,0.25,0.25,45.25,10.75,1.0000000000000002,0.2,0.25,90,10.75,2.0234059870912304,"{""p1"": 0.2997658618400198, ""p2"": 0.2997658618400198, ""pf"": 0.2997658618400198}",ROBUST_UNCERTIFIED,1101
2,1,1,1,0,14,20,2.220446049250313e-16,0.7929318157822878,0.20706818421771223,SUCCESS_EXACT,0,False,17.74702470491091,False,2.6481140896486954e-17,6.25,28.125,3.125000000000001,4.687500000000001,7.500000000000002,3.750000000000001,0.0,0.0,1.5625,1.5625,1.5625000000000004,1.5625000000000002,1.2500000000000002,1.2500000000000002,0.0,0.0,53.4375,2.5625,1.0000000000000002,0.0,0.0,90,2.5625,-11.918041699364508,"{""p1"": 0.2997658618400198, ""p2"": 0.2997658618400198, ""pf"": 0.2997658618400198}",ROBUST_UNCERTIFIED,1110
2,1,1,1,1,18,24,2.220446049250313e-16,0.6687403049764222,0.33125969502357777,SUCCESS_EXACT,0,False,14.833370582267325,False,9.065447329375298e-18,5.0,22.5,3.0000000000000004,4.500000000000001,7.500000000000001,3.7500000000000004,1.25,0.0,1.25,1.25,1.5000000000000002,1.5000000000000002,1.2500000000000002,1.2500000000000002,0.25,0.0,47.5,8.5,1.0000000000000002,0.0,0.0,90,8.5,0.3076872531876873,"{""p1"": 0.2997658618400198, ""p2"": 0.2997658618400198, ""pf"": 0.2997658618400198}",ROBUST_UNCERTIFIED,1111
2,0,0,0,0,17,20,2.220446049250313e-16,0.8663312180816857,0.13366878191831433,SUCCESS_EXACT,0,False,31.085738306325265,False,1.5907673188658957e-17,7.812500000000002,35.15625000000001,0.0,0.0,11.718750000000005,0.0,0.0,5.718750000000001,1.9531250000000004,1.9531250000000004,0.0,0.0,0.0,1.9531250000000007,0.0,0.9531250000000001,60.406250000000014,-4.406250000000014,1.0000000000000004,0.48800000000000004,0.9531250000000001,95,-4.406250000000014,-42.60911229852607,"{""p1"": 0.31245182531573273, ""p2"": 0.31245182531573273, ""pf"": 0.31245182531573273}",ROBUST_UNCERTIFIED,0000
2,0,0,0,1,33,36,2.220446049250313e-16,1.0000000000000004,-4.440892098500626e-16,NON_ABSORBING,3,False,,,,,,,,,,,,,,,,,,,,,,,,,95,-inf,-inf,"{""p1"": 0.11361675058609902, ""p2"": 0.11361675058609902, ""pf"": 0.11361675058609902}",ROBUST_UNCERTIFIED,0001
2,0,0,1,0,17,20,2.220446049250313e-16,0.8663312180816857,0.13366878191831433,SUCCESS_EXACT,0,False,31.085738306325265,False,1.8314172149151992e-17,7.812500000000002,35.15625000000001,0.0,0.0,11.718750000000005,5.859375000000003,0.0,0.0,1.9531250000000004,1.9531250000000004,0.0,0.0,1.9531250000000007,1.9531250000000007,0.0,0.0,60.546875000000014,-4.546875000000014,1.0000000000000004,0.0,0.0,95,-4.546875000000014,-39.37889650747965,"{""p1"": 0.31245182531573273, ""p2"": 0.31245182531573273, ""pf"": 0.31245182531573273}",ROBUST_UNCERTIFIED,0010
2,0,0,1,1,33,36,2.220446049250313e-16,1.0000000000000004,-4.440892098500626e-16,NON_ABSORBING,3,False,,,,,,,,,,,,,,,,,,,,,,,,,95,-inf,-inf,"{""p1"": 0.11361675058609902, ""p2"": 0.11361675058609902, ""pf"": 0.11361675058609902}",ROBUST_UNCERTIFIED,0011
2,0,1,0,0,15,20,2.220446049250313e-16,0.8449987395578444,0.15500126044215556,SUCCESS_EXACT,0,False,22.893597097991993,False,5.499220266987618e-18,6.25,35.15625000000001,0.0,5.859375000000001,9.375000000000002,0.0,0.0,3.375000000000001,1.5625,1.953125,0.0,1.9531250000000004,0.0,1.5625000000000004,0.0,0.5625000000000001,60.015625000000014,-4.015625000000014,1.0000000000000004,0.3600000000000001,0.5625000000000001,95,-4.015625000000014,-36.458006639062845,"{""p1"": 0.31245182531573273, ""p2"": 0.31245182531573273, ""pf"": 0.31245182531573273}",ROBUST_UNCERTIFIED,0100
2,0,1,0,1,23,28,2.220446049250313e-16,1.0000000000000004,-4.440892098500626e-16,NON_ABSORBING,1,False,,,,,,,,,,,,,,,,,,,,,,,,,95,-inf,-inf,"{""p1"": 0.11361675058609902, ""p2"": 0.11361675058609902, ""pf"": 0.11361675058609902}",ROBUST_UNCERTIFIED,0101
2,0,1,1,0,15,20,2.220446049250313e-16,0.8449987395578444,0.15500126044215556,SUCCESS_EXACT,0,False,22.893597097991993,False,6.135190761466265e-18,6.25,35.15625000000001,0.0,5.859375000000001,9.375000000000002,4.687500000000001,0.0,0.0,1.5625,1.953125,0.0,1.9531250000000004,1.5625000000000004,1.5625000000000004,0.0,0.0,61.328125000000014,-5.328125000000014,1.0000000000000004,0.0,0.0,95,-5.328125000000014,-36.11178861998698,"{""p1"": 0.31245182531573273, ""p2"": 0.31245182531573273, ""pf"": 0.31245182531573273}",ROBUST_UNCERTIFIED,0110
2,0,1,1,1,23,28,2.220446049250313e-16,1.0000000000000004,-4.440892098500626e-16,NON_ABSORBING,1,False,,,,,,,,,,,,,,,,,,,,,,,,,95,-inf,-inf,"{""p1"": 0.11361675058609902, ""p2"": 0.11361675058609902, ""pf"": 0.11361675058609902}",ROBUST_UNCERTIFIED,0111
2,1,0,0,0,13,18,2.220446049250313e-16,0.8342651361562976,0.1657348638437024,SUCCESS_EXACT,0,False,20.851835377750415,False,6.6488715136628214e-18,7.8125,28.125,3.906250000000001,0.0,9.375000000000004,0.0,0.0,3.3750000000000004,1.953125,1.5625,1.9531250000000004,0.0,0.0,1.5625000000000004,0.0,0.5625000000000001,52.59375,3.40625,1.0000000000000002,0.3600000000000001,0.5625000000000001,95,3.40625,-19.922611772851468,"{""p1"": 0.31245182531573273, ""p2"": 0.31245182531573273, ""pf"": 0.31245182531573273}",ROBUST_UNCERTIFIED,1000
2,1,0,0,1,21,26,2.220446049250313e-16,1.0000000000000004,-4.440892098500626e-16,NON_ABSORBING,1,False,,,,,,,,,,,,,,,,,,,,,,,,,95,-inf,-inf,"{""p1"": 0.11361675058609902, ""p2"": 0.11361675058609902, ""pf"": 0.11361675058609902}",ROBUST_UNCERTIFIED,1001
2,1,0,1,0,13,18,2.220446049250313e-16,0.8342651361562976,0.1657348638437024,SUCCESS_EXACT,0,False,20.851835377750415,False,7.47125351535398e-18,7.8125,28.125,3.906250000000001,0.0,9.375000000000004,4.687500000000002,0.0,0.0,1.953125,1.5625,1.9531250000000004,0.0,1.5625000000000004,1.5625000000000004,0.0,0.0,53.90625000000001,2.093749999999993,1.0000000000000002,0.0,0.0,95,2.093749999999993,-19.576393753775605,"{""p1"": 0.31245182531573273, ""p2"": 0.31245182531573273, ""pf"": 0.31245182531573273}",ROBUST_UNCERTIFIED,1010
2,1,0,1,1,21,26,2.220446049250313e-16,1.0000000000000004,-4.440892098500626e-16,NON_ABSORBING,1,False,,,,,,,,,,,,,,,,,,,,,,,,,95,-inf,-inf,"{""p1"": 0.11361675058609902, ""p2"": 0.11361675058609902, ""pf"": 0.11361675058609902}",ROBUST_UNCERTIFIED,1011
2,1,1,0,0,14,20,2.220446049250313e-16,0.7929318157822878,0.20706818421771223,SUCCESS_EXACT,0,False,17.74702470491091,False,2.7215847241028872e-17,6.25,28.125,3.125000000000001,4.687500000000001,7.500000000000002,0.0,0.0,1.5,1.5625,1.5625,1.5625000000000004,1.5625000000000002,0.0,1.2500000000000002,0.0,0.25,51.1875,4.8125,1.0000000000000002,0.2,0.25,95,4.8125,-12.569284632338821,"{""p1"": 0.31245182531573273, ""p2"": 0.31245182531573273, ""pf"": 0.31245182531573273}",ROBUST_UNCERTIFIED,1100
2,1,1,0,1,18,24,2.220446049250313e-16,0.6687403049764222,0.33125969502357777,SUCCESS_EXACT,0,False,14.833370582267325,False,7.632783294297952e-18,5.0,22.5,3.0000000000000004,4.500000000000001,7.500000000000001,0.0,1.25,1.4999999999999998,1.25,1.25,1.5000000000000002,1.5000000000000002,0.0,1.2500000000000002,0.25,0.25,45.25,10.75,1.0000000000000002,0.2,0.25,95,10.75,0.7322666189877438,"{""p1"": 0.31245182531573273, ""p2"": 0.31245182531573273, ""pf"": 0.31245182531573273}",ROBUST_UNCERTIFIED,1101
2,1,1,1,0,14,20,2.220446049250313e-16,0.7929318157822878,0.20706818421771223,SUCCESS_EXACT,0,False,17.74702470491091,False,2.6481140896486954e-17,6.25,28.125,3.125000000000001,4.687500000000001,7.500000000000002,3.750000000000001,0.0,0.0,1.5625,1.5625,1.5625000000000004,1.5625000000000002,1.2500000000000002,1.2500000000000002,0.0,0.0,53.4375,2.5625,1.0000000000000002,0.0,0.0,95,2.5625,-14.205954017174804,"{""p1"": 0.31245182531573273, ""p2"": 0.31245182531573273, ""pf"": 0.31245182531573273}",ROBUST_UNCERTIFIED,1110
2,1,1,1,1,18,24,2.220446049250313e-16,0.6687403049764222,0.33125969502357777,SUCCESS_EXACT,0,False,14.833370582267325,False,9.065447329375298e-18,5.0,22.5,3.0000000000000004,4.500000000000001,7.500000000000001,3.7500000000000004,1.25,0.0,1.25,1.25,1.5000000000000002,1.5000000000000002,1.2500000000000002,1.2500000000000002,0.25,0.0,47.5,8.5,1.0000000000000002,0.0,0.0,95,8.5,-0.9044027658482392,"{""p1"": 0.31245182531573273, ""p2"": 0.31245182531573273, ""pf"": 0.31245182531573273}",ROBUST_UNCERTIFIED,1111
3,0,0,0,0,17,20,0.0,0.7701828755488183,0.22981712445118174,SUCCESS_EXACT,0,False,24.310136167821977,False,6.4728153755489316e-18,5.486968449931415,24.691358024691358,0.0,0.0,8.230452674897121,0.0,0.0,11.152263374485598,1.3717421124828537,1.3717421124828537,0.0,0.0,0.0,1.3717421124828535,0.0,0.37174211248285327,49.56104252400549,6.438957475994513,1.0,0.271,0.37174211248285327,90,6.438957475994513,-20.386820560529472,"{""p1"": 0.18307901081197567, ""p2"": 0.18307901081197567, ""pf"": 0.18307901081197567}",ROBUST_UNCERTIFIED,0000
3,0,0,0,1,33,36,0.0,1.0000000000000004,-4.440892098500626e-16,NON_ABSORBING,3,False,,,,,,,,,,,,,,,,,,,,,,,,,90,-inf,-inf,"{""p1"": 0.045870556724087796, ""p2"": 0.045870556724087796, ""pf"": 0.045870556724087796}",ROBUST_UNCERTIFIED,0001
3,0,0,1,0,17,20,0.0,0.7701828755488183,0.22981712445118174,SUCCESS_EXACT,0,False,24.310136167821977,False,1.3021687761395176e-17,5.486968449931415,24.691358024691358,0.0,0.0,8.230452674897121,4.1152263374485605,0.0,0.0,1.3717421124828537,1.3717421124828537,0.0,0.0,1.3717421124828535,1.3717421124828535,0.0,0.0,42.52400548696845,13.475994513031551,1.0,0.0,0.0,90,13.475994513031551,-0.8619213340761007,"{""p1"": 0.18307901081197567, ""p2"": 0.18307901081197567, ""pf"": 0.18307901081197567}",ROBUST_UNCERTIFIED,0010
3,0,0,1,1,33,36,0.0,1.0000000000000004,-4.440892098500626e-16,NON_ABSORBING,3,False,,,,,,,,,,,,,,,,,,,,,,,,,90,-inf,-inf,"{""p1"": 0.045870556724087796, ""p2"": 0.045870556724087796, ""pf"": 0.045870556724087796}",ROBUST_UNCERTIFIED,0011
3,0,1,0,0,15,20,0.0,0.7428324017709614,0.25716759822903856,SUCCESS_EXACT,0,False,19.25696010481656,False,1.3367461011162613e-17,4.938271604938272,24.691358024691358,0.0,4.11522633744856,7.407407407407407,0.0,0.0,7.037037037037037,1.234567901234568,1.3717421124828533,0.0,1.3717421124828535,0.0,1.2345679012345678,0.0,0.2345679012345679,48.18930041152263,7.81069958847737,1.0,0.19,0.2345679012345679,90,7.81069958847737,-12.45703964355485,"{""p1"": 0.18307901081197567, ""p2"": 0.18307901081197567, ""pf"": 0.18307901081197567}",ROBUST_UNCERTIFIED,0100
3,0,1,0,1,23,28,0.0,1.0000000000000004,-4.440892098500626e-16,NON_ABSORBING,1,False,,,,,,,,,,,,,,,,,,,,,,,,,90,-inf,-inf,"{""p1"": 0.045870556724087796, ""p2"": 0.045870556724087796, ""pf"": 0.045870556724087796}",ROBUST_UNCERTIFIED,0101
3,0,1,1,0,15,20,0.0,0.7428324017709614,0.25716759822903856,SUCCESS_EXACT,0,False,19.25696010481656,False,1.799925949632344e-17,4.938271604938272,24.691358024691358,0.0,4.11522633744856,7.407407407407407,3.7037037037037037,0.0,0.0,1.234567901234568,1.3717421124828533,0.0,1.3717421124828535,1.2345679012345678,1.2345679012345678,0.0,0.0,44.855967078189295,11.144032921810705,1.0,0.0,0.0,90,11.144032921810705,-1.999109978043343,"{""p1"": 0.18307901081197567, ""p2"": 0.18307901081197567, ""pf"": 0.18307901081197567}",ROBUST_UNCERTIFIED,0110
3,0,1,1,1,23,28,0.0,1.0000000000000004,-4.440892098500626e-16,NON_ABSORBING,1,False,,,,,,,,,,,,,,,,,,,,,,,,,90,-inf,-inf,"{""p1"": 0.045870556724087796, ""p2"": 0.045870556724087796, ""pf"": 0.045870556724087796}",ROBUST_UNCERTIFIED,0111
3,1,0,0,0,13,18,0.0,0.7320468484390047,0.2679531515609953,SUCCESS_EXACT,0,False,17.58600381666967,False,5.6685237412897036e-18,5.486968449931413,22.22222222222222,2.7434842249657065,0.0,7.407407407407408,0.0,0.0,7.037037037037036,1.3717421124828533,1.2345679012345678,1.3717421124828533,0.0,0.0,1.234567901234568,0.0,0.23456790123456792,44.89711934156379,11.102880658436213,1.0000000000000002,0.19000000000000003,0.23456790123456792,90,11.102880658436213,-5.9213924924570875,"{""p1"": 0.18307901081197567, ""p2"": 0.18307901081197567, ""pf"": 0.18307901081197567}",ROBUST_UNCERTIFIED,1000
3,1,0,0,1,21,26,0.0,1.0000000000000004,-4.440892098500626e-16,NON_ABSORBING,1,False,,,,,,,,,,,,,,,,,,,,,,,,,90,-inf,-inf,"{""p1"": 0.045870556724087796, ""p2"": 0.045870556724087796, ""pf"": 0.045870556724087796}",ROBUST_UNCERTIFIED,1001
3,1,0,1,0,13,18,0.0,0.7320468484390047,0.2679531515609953,SUCCESS_EXACT,0,False,17.58600381666967,False,7.939629366954588e-18,5.486968449931413,22.22222222222222,2.7434842249657065,0.0,7.407407407407408,3.703703703703704,0.0,0.0,1.3717421124828533,1.2345679012345678,1.3717421124828533,0.0,1.234567901234568,1.234567901234568,0.0,0.0,41.56378600823045,14.436213991769549,1.0000000000000002,0.0,0.0,90,14.436213991769549,4.536537173054413,"{""p1"": 0.18307901081197567, ""p2"": 0.18307901081197567, ""pf"": 0.18307901081197567}",ROBUST_UNCERTIFIED,1010
3,1,0,1,1,21,26,0.0,1.0000000000000004,-4.440892098500626e-16,NON_ABSORBING,1,False,,,,,,,,,,,,,,,,,,,,,,,,,90,-inf,-inf,"{""p1"": 0.045870556724087796, ""p2"": 0.045870556724087796, ""pf"": 0.045870556724087796}",ROBUST_UNCERTIFIED,1011
3,1,1,0,0,14,20,0.0,0.6840816029107268,0.31591839708927316,SUCCESS_EXACT,0,False,15.379489434807171,False,1.0957156329691592e-17,4.938271604938272,22.22222222222222,2.469135802469136,3.703703703703704,6.666666666666667,0.0,0.0,3.3333333333333326,1.234567901234568,1.234567901234568,1.234567901234568,1.234567901234568,0.0,1.1111111111111112,0.0,0.11111111111111109,43.333333333333336,12.666666666666664,1.0000000000000002,0.09999999999999998,0.11111111111111109,90,12.666666666666664,1.4741611040229259,"{""p1"": 0.18307901081197567, ""p2"": 0.18307901081197567, ""pf"": 0.18307901081197567}",ROBUST_UNCERTIFIED,1100
3,1,1,0,1,18,24,0.0,0.5623413251903493,0.4376586748096507,SUCCESS_EXACT,0,False,13.872634446945742,False,1.3441234880085191e-17,4.444444444444445,20.0,2.4444444444444446,3.6666666666666665,6.666666666666668,0.0,0.5555555555555555,3.333333333333332,1.1111111111111112,1.1111111111111112,1.2222222222222223,1.2222222222222223,0.0,1.1111111111111112,0.1111111111111111,0.1111111111111111,41.11111111111111,14.888888888888893,1.0,0.09999999999999999,0.1111111111111111,90,14.888888888888893,6.640072949333707,"{""p1"": 0.18307901081197567, ""p2"": 0.18307901081197567, ""pf"": 0.18307901081197567}",ROBUST_UNCERTIFIED,1101
3,1,1,1,0,14,20,0.0,0.6840816029107268,0.31591839708927316,SUCCESS_EXACT,0,False,15.379489434807171,False,1.3360348048745505e-17,4.938271604938272,22.22222222222222,2.469135802469136,3.703703703703704,6.666666666666667,3.3333333333333335,0.0,0.0,1.234567901234568,1.234567901234568,1.234567901234568,1.234567901234568,1.1111111111111112,1.1111111111111112,0.0,0.0,43.333333333333336,12.666666666666664,1.0000000000000002,0.0,0.0,90,12.666666666666664,4.525093026872099,"{""p1"": 0.18307901081197567, ""p2"": 0.18307901081197567, ""pf"": 0.18307901081197567}",ROBUST_UNCERTIFIED,1110
3,1,1,1,1,18,24,0.0,0.5623413251903493,0.4376586748096507,SUCCESS_EXACT,0,False,13.872634446945742,False,1.6402051006136328e-17,4.444444444444445,20.0,2.4444444444444446,3.6666666666666665,6.666666666666668,3.333333333333334,0.5555555555555555,0.0,1.1111111111111112,1.1111111111111112,1.2222222222222223,1.2222222222222223,1.1111111111111112,1.1111111111111112,0.1111111111111111,0.0,41.111111111111114,14.888888888888886,1.0,0.0,0.0,90,14.888888888888886,9.691004872182887,"{""p1"": 0.18307901081197567, ""p2"": 0.18307901081197567, ""pf"": 0.18307901081197567}",ROBUST_UNCERTIFIED,1111
3,0,0,0,0,17,20,0.0,0.7701828755488183,0.22981712445118174,SUCCESS_EXACT,0,False,24.310136167821977,False,6.4728153755489316e-18,5.486968449931415,24.691358024691358,0.0,0.0,8.230452674897121,0.0,0.0,11.152263374485598,1.3717421124828537,1.3717421124828537,0.0,0.0,0.0,1.3717421124828535,0.0,0.37174211248285327,49.56104252400549,6.438957475994513,1.0,0.271,0.37174211248285327,95,6.438957475994513,-24.845987703807324,"{""p1"": 0.19418377920641908, ""p2"": 0.19418377920641908, ""pf"": 0.19418377920641908}",ROBUST_UNCERTIFIED,0000
3,0,0,0,1,33,36,0.0,1.0000000000000004,-4.440892098500626e-16,NON_ABSORBING,3,False,,,,,,,,,,,,,,,,,,,,,,,,,95,-inf,-inf,"{""p1"": 0.04119586025090358, ""p2"": 0.04119586025090358, ""pf"": 0.04119586025090358}",ROBUST_UNCERTIFIED,0001
3,0,0,1,0,17,20,0.0,0.7701828755488183,0.22981712445118174,SUCCESS_EXACT,0,False,24.310136167821977,False,1.3021687761395176e-17,5.486968449931415,24.691358024691358,0.0,0.0,8.230452674897121,4.1152263374485605,0.0,0.0,1.3717421124828537,1.3717421124828537,0.0,0.0,1.3717421124828535,1.3717421124828535,0.0,0.0,42.52400548696845,13.475994513031551,1.0,0.0,0.0,95,13.475994513031551,-3.2452692899659894,"{""p1"": 0.19418377920641908, ""p2"": 0.19418377920641908, ""pf"": 0.19418377920641908}",ROBUST_UNCERTIFIED,0010
3,0,0,1,1,33,36,0.0,1.0000000000000004,-4.440892098500626e-16,NON_ABSORBING,3,False,,,,,,,,,,,,,,,,,,,,,,,,,95,-inf,-inf,"{""p1"": 0.04119586025090358, ""p2"": 0.04119586025090358, ""pf"": 0.04119586025090358}",ROBUST_UNCERTIFIED,0011
3,0,1,0,0,15,20,0.0,0.7428324017709614,0.25716759822903856,SUCCESS_EXACT,0,False,19.25696010481656,False,1.3367461011162613e-17,4.938271604938272,24.691358024691358,0.0,4.11522633744856,7.407407407407407,0.0,0.0,7.037037037037037,1.234567901234568,1.3717421124828533,0.0,1.3717421124828535,0.0,1.2345679012345678,0.0,0.2345679012345679,48.18930041152263,7.81069958847737,1.0,0.19,0.2345679012345679,95,7.81069958847737,-15.734923066284537,"{""p1"": 0.19418377920641908, ""p2"": 0.19418377920641908, ""pf"": 0.19418377920641908}",ROBUST_UNCERTIFIED,0100
3,0,1,0,1,23,28,0.0,1.0000000000000004,-4.440892098500626e-16,NON_ABSORBING,1,False,,,,,,,,,,,,,,,,,,,,,,,,,95,-inf,-inf,"{""p1"": 0.04119586025090358, ""p2"": 0.04119586025090358, ""pf"": 0.04119586025090358}",ROBUST_UNCERTIFIED,0101
3,0,1,1,0,15,20,0.0,0.7428324017709614,0.25716759822903856,SUCCESS_EXACT,0,False,19.25696010481656,False,1.799925949632344e-17,4.938271604938272,24.691358024691358,0.0,4.11522633744856,7.407407407407407,3.7037037037037037,0.0,0.0,1.234567901234568,1.3717421124828533,0.0,1.3717421124828535,1.2345679012345678,1.2345679012345678,0.0,0.0,44.855967078189295,11.144032921810705,1.0,0.0,0.0,95,11.144032921810705,-4.154227163809168,"{""p1"": 0.19418377920641908, ""p2"": 0.19418377920641908, ""pf"": 0.19418377920641908}",ROBUST_UNCERTIFIED,0110
3,0,1,1,1,23,28,0.0,1.0000000000000004,-4.440892098500626e-16,NON_ABSORBING,1,False,,,,,,,,,,,,,,,,,,,,,,,,,95,-inf,-inf,"{""p1"": 0.04119586025090358, ""p2"": 0.04119586025090358, ""pf"": 0.04119586025090358}",ROBUST_UNCERTIFIED,0111
3,1,0,0,0,13,18,0.0,0.7320468484390047,0.2679531515609953,SUCCESS_EXACT,0,False,17.58600381666967,False,5.6685237412897036e-18,5.486968449931413,22.22222222222222,2.7434842249657065,0.0,7.407407407407408,0.0,0.0,7.037037037037036,1.3717421124828533,1.2345679012345678,1.3717421124828533,0.0,0.0,1.234567901234568,0.0,0.23456790123456792,44.89711934156379,11.102880658436213,1.0000000000000002,0.19000000000000003,0.23456790123456792,95,11.102880658436213,-8.6282181191377,"{""p1"": 0.19418377920641908, ""p2"": 0.19418377920641908, ""pf"": 0.19418377920641908}",ROBUST_UNCERTIFIED,1000
3,1,0,0,1,21,26,0.0,1.0000000000000004,-4.440892098500626e-16,NON_ABSORBING,1,False,,,,,,,,,,,,,,,,,,,,,,,,,95,-inf,-inf,"{""p1"": 0.04119586025090358, ""p2"": 0.04119586025090358, ""pf"": 0.04119586025090358}",ROBUST_UNCERTIFIED,1001
3,1,0,1,0,13,18,0.0,0.7320468484390047,0.2679531515609953,SUCCESS_EXACT,0,False,17.58600381666967,False,7.939629366954588e-18,5.486968449931413,22.22222222222222,2.7434842249657065,0.0,7.407407407407408,3.703703703703704,0.0,0.0,1.3717421124828533,1.2345679012345678,1.3717421124828533,0.0,1.234567901234568,1.234567901234568,0.0,0.0,41.56378600823045,14.436213991769549,1.0000000000000002,0.0,0.0,95,14.436213991769549,2.952477783337663,"{""p1"": 0.19418377920641908, ""p2"": 0.19418377920641908, ""pf"": 0.19418377920641908}",ROBUST_UNCERTIFIED,1010
3,1,0,1,1,21,26,0.0,1.0000000000000004,-4.440892098500626e-16,NON_ABSORBING,1,False,,,,,,,,,,,,,,,,,,,,,,,,,95,-inf,-inf,"{""p1"": 0.04119586025090358, ""p2"": 0.04119586025090358, ""pf"": 0.04119586025090358}",ROBUST_UNCERTIFIED,1011
3,1,1,0,0,14,20,0.0,0.6840816029107268,0.31591839708927316,SUCCESS_EXACT,0,False,15.379489434807171,False,1.0957156329691592e-17,4.938271604938272,22.22222222222222,2.469135802469136,3.703703703703704,6.666666666666667,0.0,0.0,3.3333333333333326,1.234567901234568,1.234567901234568,1.234567901234568,1.234567901234568,0.0,1.1111111111111112,0.0,0.11111111111111109,43.333333333333336,12.666666666666664,1.0000000000000002,0.09999999999999998,0.11111111111111109,95,12.666666666666664,-0.2558948759418058,"{""p1"": 0.19418377920641908, ""p2"": 0.19418377920641908, ""pf"": 0.19418377920641908}",ROBUST_UNCERTIFIED,1100
3,1,1,0,1,18,24,0.0,0.5623413251903493,0.4376586748096507,SUCCESS_EXACT,0,False,13.872634446945742,False,1.3441234880085191e-17,4.444444444444445,20.0,2.4444444444444446,3.6666666666666665,6.666666666666668,0.0,0.5555555555555555,3.333333333333332,1.1111111111111112,1.1111111111111112,1.2222222222222223,1.2222222222222223,0.0,1.1111111111111112,0.1111111111111111,0.1111111111111111,41.11111111111111,14.888888888888893,1.0,0.09999999999999999,0.1111111111111111,95,14.888888888888893,5.408624303804146,"{""p1"": 0.19418377920641908, ""p2"": 0.19418377920641908, ""pf"": 0.19418377920641908}",ROBUST_UNCERTIFIED,1101
3,1,1,1,0,14,20,0.0,0.6840816029107268,0.31591839708927316,SUCCESS_EXACT,0,False,15.379489434807171,False,1.3360348048745505e-17,4.938271604938272,22.22222222222222,2.469135802469136,3.703703703703704,6.666666666666667,3.3333333333333335,0.0,0.0,1.234567901234568,1.234567901234568,1.234567901234568,1.234567901234568,1.1111111111111112,1.1111111111111112,0.0,0.0,43.333333333333336,12.666666666666664,1.0000000000000002,0.0,0.0,95,12.666666666666664,3.250504354158025,"{""p1"": 0.19418377920641908, ""p2"": 0.19418377920641908, ""pf"": 0.19418377920641908}",ROBUST_UNCERTIFIED,1110
3,1,1,1,1,18,24,0.0,0.5623413251903493,0.4376586748096507,SUCCESS_EXACT,0,False,13.872634446945742,False,1.6402051006136328e-17,4.444444444444445,20.0,2.4444444444444446,3.6666666666666665,6.666666666666668,3.333333333333334,0.5555555555555555,0.0,1.1111111111111112,1.1111111111111112,1.2222222222222223,1.2222222222222223,1.1111111111111112,1.1111111111111112,0.1111111111111111,0.0,41.111111111111114,14.888888888888886,1.0,0.0,0.0,95,14.888888888888886,8.915023533903977,"{""p1"": 0.19418377920641908, ""p2"": 0.19418377920641908, ""pf"": 0.19418377920641908}",ROBUST_UNCERTIFIED,1111
4,0,0,0,0,17,20,2.220446049250313e-16,0.8663312180816857,0.13366878191831433,SUCCESS_EXACT,0,False,31.085738306325265,False,8.524282543576902e-18,7.812500000000002,35.15625000000001,0.0,0.0,11.718750000000005,0.0,0.0,28.593750000000007,1.9531250000000004,1.9531250000000004,0.0,0.0,0.0,1.9531250000000007,0.0,0.9531250000000001,83.28125000000003,-27.28125000000003,1.0000000000000004,0.48800000000000004,0.9531250000000001,90,-27.28125000000003,-82.92664389290445,"{""p1"": 0.2997658618400198, ""p2"": 0.2997658618400198, ""pf"": 0.2997658618400198}",ROBUST_UNCERTIFIED,0000
4,0,0,0,1,33,36,2.220446049250313e-16,1.0000000000000004,-4.440892098500626e-16,NON_ABSORBING,3,False,,,,,,,,,,,,,,,,,,,,,,,,,90,-inf,-inf,"{""p1"": 0.12150361354262595, ""p2"": 0.12150361354262595, ""pf"": 0.12150361354262595}",ROBUST_UNCERTIFIED,0001
4,0,0,1,0,17,20,2.220446049250313e-16,0.8663312180816857,0.13366878191831433,SUCCESS_EXACT,0,False,31.085738306325265,False,1.5787790508690028e-17,7.812500000000002,35.15625000000001,0.0,0.0,11.718750000000005,3.9062500000000013,0.0,0.0,1.9531250000000004,1.9531250000000004,0.0,0.0,1.9531250000000007,1.9531250000000007,0.0,0.0,58.593750000000014,-2.593750000000014,1.0000000000000004,0.0,0.0,90,-2.593750000000014,-31.375850289433345,"{""p1"": 0.2997658618400198, ""p2"": 0.2997658618400198, ""pf"": 0.2997658618400198}",ROBUST_UNCERTIFIED,0010
4,0,0,1,1,33,36,2.220446049250313e-16,1.0000000000000004,-4.440892098500626e-16,NON_ABSORBING,3,False,,,,,,,,,,,,,,,,,,,,,,,,,90,-inf,-inf,"{""p1"": 0.12150361354262595, ""p2"": 0.12150361354262595, ""pf"": 0.12150361354262595}",ROBUST_UNCERTIFIED,0011
4,0,1,0,0,15,20,2.220446049250313e-16,0.8449987395578444,0.15500126044215556,SUCCESS_EXACT,0,False,22.893597097991993,False,1.1207298671294955e-17,6.25,35.15625000000001,0.0,1.9531250000000004,9.375000000000002,0.0,0.0,16.875000000000004,1.5625,1.953125,0.0,1.9531250000000004,0.0,1.5625000000000004,0.0,0.5625000000000001,69.60937500000001,-13.609375000000014,1.0000000000000004,0.3600000000000001,0.5625000000000001,90,-13.609375000000014,-50.91610948119687,"{""p1"": 0.2997658618400198, ""p2"": 0.2997658618400198, ""pf"": 0.2997658618400198}",ROBUST_UNCERTIFIED,0100
4,0,1,0,1,23,28,2.220446049250313e-16,1.0000000000000004,-4.440892098500626e-16,NON_ABSORBING,1,False,,,,,,,,,,,,,,,,,,,,,,,,,90,-inf,-inf,"{""p1"": 0.12150361354262595, ""p2"": 0.12150361354262595, ""pf"": 0.12150361354262595}",ROBUST_UNCERTIFIED,0101
4,0,1,1,0,15,20,2.220446049250313e-16,0.8449987395578444,0.15500126044215556,SUCCESS_EXACT,0,False,22.893597097991993,False,1.2474079088293452e-17,6.25,35.15625000000001,0.0,1.9531250000000004,9.375000000000002,3.125000000000001,0.0,0.0,1.5625,1.953125,0.0,1.9531250000000004,1.5625000000000004,1.5625000000000004,0.0,0.0,55.859375000000014,0.1406249999999858,1.0000000000000004,0.0,0.0,90,0.1406249999999858,-23.811459806007846,"{""p1"": 0.2997658618400198, ""p2"": 0.2997658618400198, ""pf"": 0.2997658618400198}",ROBUST_UNCERTIFIED,0110
4,0,1,1,1,23,28,2.220446049250313e-16,1.0000000000000004,-4.440892098500626e-16,NON_ABSORBING,1,False,,,,,,,,,,,,,,,,,,,,,,,,,90,-inf,-inf,"{""p1"": 0.12150361354262595, ""p2"": 0.12150361354262595, ""pf"": 0.12150361354262595}",ROBUST_UNCERTIFIED,0111
4,1,0,0,0,13,18,2.220446049250313e-16,0.8342651361562976,0.1657348638437024,SUCCESS_EXACT,0,False,20.851835377750415,False,9.578343876893422e-18,7.8125,28.125,1.9531250000000004,0.0,9.375000000000004,0.0,0.0,16.875,1.953125,1.5625,1.9531250000000004,0.0,0.0,1.5625000000000004,0.0,0.5625000000000001,64.140625,-8.140625,1.0000000000000002,0.3600000000000001,0.5625000000000001,90,-8.140625,-38.693037517055814,"{""p1"": 0.2997658618400198, ""p2"": 0.2997658618400198, ""pf"": 0.2997658618400198}",ROBUST_UNCERTIFIED,1000
4,1,0,0,1,21,26,2.220446049250313e-16,1.0000000000000004,-4.440892098500626e-16,NON_ABSORBING,1,False,,,,,,,,,,,,,,,,,,,,,,,,,90,-inf,-inf,"{""p1"": 0.12150361354262595, ""p2"": 0.12150361354262595, ""pf"": 0.12150361354262595}",ROBUST_UNCERTIFIED,1001
4,1,0,1,0,13,18,2.220446049250313e-16,0.8342651361562976,0.1657348638437024,SUCCESS_EXACT,0,False,20.851835377750415,False,9.57766113914204e-18,7.8125,28.125,1.9531250000000004,0.0,9.375000000000004,3.125000000000001,0.0,0.0,1.953125,1.5625,1.9531250000000004,0.0,1.5625000000000004,1.5625000000000004,0.0,0.0,50.390625,5.609375,1.0000000000000002,0.0,0.0,90,5.609375,-11.58838784186679,"{""p1"": 0.2997658618400198, ""p2"": 0.2997658618400198, ""pf"": 0.2997658618400198}",ROBUST_UNCERTIFIED,1010
4,1,0,1,1,21,26,2.220446049250313e-16,1.0000000000000004,-4.440892098500626e-16,NON_ABSORBING,1,False,,,,,,,,,,,,,,,,,,,,,,,,,90,-inf,-inf,"{""p1"": 0.12150361354262595, ""p2"": 0.12150361354262595, ""pf"": 0.12150361354262595}",ROBUST_UNCERTIFIED,1011
4,1,1,0,0,14,20,2.220446049250313e-16,0.7929318157822878,0.20706818421771223,SUCCESS_EXACT,0,False,17.74702470491091,False,2.776231240582688e-17,6.25,28.125,1.5625000000000004,1.5625000000000002,7.500000000000002,0.0,0.0,7.5,1.5625,1.5625,1.5625000000000004,1.5625000000000002,0.0,1.2500000000000002,0.0,0.25,52.5,3.5,1.0000000000000002,0.2,0.25,90,3.5,-14.358217771890907,"{""p1"": 0.2997658618400198, ""p2"": 0.2997658618400198, ""pf"": 0.2997658618400198}",ROBUST_UNCERTIFIED,1100
4,1,1,0,1,18,24,2.220446049250313e-16,0.6687403049764222,0.33125969502357777,SUCCESS_EXACT,0,False,14.833370582267325,False,7.575122063265484e-18,5.0,22.5,1.5000000000000002,1.5000000000000002,7.500000000000001,0.0,1.25,7.499999999999999,1.25,1.25,1.5000000000000002,1.5000000000000002,0.0,1.2500000000000002,0.25,0.25,46.75,9.25,1.0000000000000002,0.2,0.25,90,9.25,-2.6822816094874966,"{""p1"": 0.2997658618400198, ""p2"": 0.2997658618400198, ""pf"": 0.2997658618400198}",ROBUST_UNCERTIFIED,1101
4,1,1,1,0,14,20,2.220446049250313e-16,0.7929318157822878,0.20706818421771223,SUCCESS_EXACT,0,False,17.74702470491091,False,3.008211806313692e-17,6.25,28.125,1.5625000000000004,1.5625000000000002,7.500000000000002,2.5000000000000004,0.0,0.0,1.5625,1.5625,1.5625000000000004,1.5625000000000002,1.2500000000000002,1.2500000000000002,0.0,0.0,47.5,8.5,1.0000000000000002,0.0,0.0,90,8.5,-4.371592621657328,"{""p1"": 0.2997658618400198, ""p2"": 0.2997658618400198, ""pf"": 0.2997658618400198}",ROBUST_UNCERTIFIED,1110
4,1,1,1,1,18,24,2.220446049250313e-16,0.6687403049764222,0.33125969502357777,SUCCESS_EXACT,0,False,14.833370582267325,False,8.349974940336124e-18,5.0,22.5,1.5000000000000002,1.5000000000000002,7.500000000000001,2.5000000000000004,1.25,0.0,1.25,1.25,1.5000000000000002,1.5000000000000002,1.2500000000000002,1.2500000000000002,0.25,0.0,41.75,14.25,1.0000000000000002,0.0,0.0,90,14.25,7.304343540746089,"{""p1"": 0.2997658618400198, ""p2"": 0.2997658618400198, ""pf"": 0.2997658618400198}",ROBUST_UNCERTIFIED,1111
4,0,0,0,0,17,20,2.220446049250313e-16,0.8663312180816857,0.13366878191831433,SUCCESS_EXACT,0,False,31.085738306325265,False,8.524282543576902e-18,7.812500000000002,35.15625000000001,0.0,0.0,11.718750000000005,0.0,0.0,28.593750000000007,1.9531250000000004,1.9531250000000004,0.0,0.0,0.0,1.9531250000000007,0.0,0.9531250000000001,83.28125000000003,-27.28125000000003,1.0000000000000004,0.48800000000000004,0.9531250000000001,95,-27.28125000000003,-92.4508386268974,"{""p1"": 0.31245182531573273, ""p2"": 0.31245182531573273, ""pf"": 0.31245182531573273}",ROBUST_UNCERTIFIED,0000
4,0,0,0,1,33,36,2.220446049250313e-16,1.0000000000000004,-4.440892098500626e-16,NON_ABSORBING,3,False,,,,,,,,,,,,,,,,,,,,,,,,,95,-inf,-inf,"{""p1"": 0.11361675058609902, ""p2"": 0.11361675058609902, ""pf"": 0.11361675058609902}",ROBUST_UNCERTIFIED,0001
4,0,0,1,0,17,20,2.220446049250313e-16,0.8663312180816857,0.13366878191831433,SUCCESS_EXACT,0,False,31.085738306325265,False,1.5787790508690028e-17,7.812500000000002,35.15625000000001,0.0,0.0,11.718750000000005,3.9062500000000013,0.0,0.0,1.9531250000000004,1.9531250000000004,0.0,0.0,1.9531250000000007,1.9531250000000007,0.0,0.0,58.593750000000014,-2.593750000000014,1.0000000000000004,0.0,0.0,95,-2.593750000000014,-36.30215791046419,"{""p1"": 0.31245182531573273, ""p2"": 0.31245182531573273, ""pf"": 0.31245182531573273}",ROBUST_UNCERTIFIED,0010
4,0,0,1,1,33,36,2.220446049250313e-16,1.0000000000000004,-4.440892098500626e-16,NON_ABSORBING,3,False,,,,,,,,,,,,,,,,,,,,,,,,,95,-inf,-inf,"{""p1"": 0.11361675058609902, ""p2"": 0.11361675058609902, ""pf"": 0.11361675058609902}",ROBUST_UNCERTIFIED,0011
4,0,1,0,0,15,20,2.220446049250313e-16,0.8449987395578444,0.15500126044215556,SUCCESS_EXACT,0,False,22.893597097991993,False,1.1207298671294955e-17,6.25,35.15625000000001,0.0,1.9531250000000004,9.375000000000002,0.0,0.0,16.875000000000004,1.5625,1.953125,0.0,1.9531250000000004,0.0,1.5625000000000004,0.0,0.5625000000000001,69.60937500000001,-13.609375000000014,1.0000000000000004,0.3600000000000001,0.5625000000000001,95,-13.609375000000014,-57.07427359763881,"{""p1"": 0.31245182531573273, ""p2"": 0.31245182531573273, ""pf"": 0.31245182531573273}",ROBUST_UNCERTIFIED,0100
4,0,1,0,1,23,28,2.220446049250313e-16,1.0000000000000004,-4.440892098500626e-16,NON_ABSORBING,1,False,,,,,,,,,,,,,,,,,,,,,,,,,95,-inf,-inf,"{""p1"": 0.11361675058609902, ""p2"": 0.11361675058609902, ""pf"": 0.11361675058609902}",ROBUST_UNCERTIFIED,0101
4,0,1,1,0,15,20,2.220446049250313e-16,0.8449987395578444,0.15500126044215556,SUCCESS_EXACT,0,False,22.893597097991993,False,1.2474079088293452e-17,6.25,35.15625000000001,0.0,1.9531250000000004,9.375000000000002,3.125000000000001,0.0,0.0,1.5625,1.953125,0.0,1.9531250000000004,1.5625000000000004,1.5625000000000004,0.0,0.0,55.859375000000014,0.1406249999999858,1.0000000000000004,0.0,0.0,95,0.1406249999999858,-27.84290541959743,"{""p1"": 0.31245182531573273, ""p2"": 0.31245182531573273, ""pf"": 0.31245182531573273}",ROBUST_UNCERTIFIED,0110
4,0,1,1,1,23,28,2.220446049250313e-16,1.0000000000000004,-4.440892098500626e-16,NON_ABSORBING,1,False,,,,,,,,,,,,,,,,,,,,,,,,,95,-inf,-inf,"{""p1"": 0.11361675058609902, ""p2"": 0.11361675058609902, ""pf"": 0.11361675058609902}",ROBUST_UNCERTIFIED,0111
4,1,0,0,0,13,18,2.220446049250313e-16,0.8342651361562976,0.1657348638437024,SUCCESS_EXACT,0,False,20.851835377750415,False,9.578343876893422e-18,7.8125,28.125,1.9531250000000004,0.0,9.375000000000004,0.0,0.0,16.875,1.953125,1.5625,1.9531250000000004,0.0,0.0,1.5625000000000004,0.0,0.5625000000000001,64.140625,-8.140625,1.0000000000000002,0.3600000000000001,0.5625000000000001,95,-8.140625,-43.615617328442895,"{""p1"": 0.31245182531573273, ""p2"": 0.31245182531573273, ""pf"": 0.31245182531573273}",ROBUST_UNCERTIFIED,1000
4,1,0,0,1,21,26,2.220446049250313e-16,1.0000000000000004,-4.440892098500626e-16,NON_ABSORBING,1,False,,,,,,,,,,,,,,,,,,,,,,,,,95,-inf,-inf,"{""p1"": 0.11361675058609902, ""p2"": 0.11361675058609902, ""pf"": 0.11361675058609902}",ROBUST_UNCERTIFIED,1001
4,1,0,1,0,13,18,2.220446049250313e-16,0.8342651361562976,0.1657348638437024,SUCCESS_EXACT,0,False,20.851835377750415,False,9.57766113914204e-18,7.8125,28.125,1.9531250000000004,0.0,9.375000000000004,3.125000000000001,0.0,0.0,1.953125,1.5625,1.9531250000000004,0.0,1.5625000000000004,1.5625000000000004,0.0,0.0,50.390625,5.609375,1.0000000000000002,0.0,0.0,95,5.609375,-14.384249150401502,"{""p1"": 0.31245182531573273, ""p2"": 0.31245182531573273, ""pf"": 0.31245182531573273}",ROBUST_UNCERTIFIED,1010
4,1,0,1,1,21,26,2.220446049250313e-16,1.0000000000000004,-4.440892098500626e-16,NON_ABSORBING,1,False,,,,,,,,,,,,,,,,,,,,,,,,,95,-inf,-inf,"{""p1"": 0.11361675058609902, ""p2"": 0.11361675058609902, ""pf"": 0.11361675058609902}",ROBUST_UNCERTIFIED,1011
4,1,1,0,0,14,20,2.220446049250313e-16,0.7929318157822878,0.20706818421771223,SUCCESS_EXACT,0,False,17.74702470491091,False,2.776231240582688e-17,6.25,28.125,1.5625000000000004,1.5625000000000002,7.500000000000002,0.0,0.0,7.5,1.5625,1.5625,1.5625000000000004,1.5625000000000002,0.0,1.2500000000000002,0.0,0.25,52.5,3.5,1.0000000000000002,0.2,0.25,95,3.5,-17.12971153457508,"{""p1"": 0.31245182531573273, ""p2"": 0.31245182531573273, ""pf"": 0.31245182531573273}",ROBUST_UNCERTIFIED,1100
4,1,1,0,1,18,24,2.220446049250313e-16,0.6687403049764222,0.33125969502357777,SUCCESS_EXACT,0,False,14.833370582267325,False,7.575122063265484e-18,5.0,22.5,1.5000000000000002,1.5000000000000002,7.500000000000001,0.0,1.25,7.499999999999999,1.25,1.25,1.5000000000000002,1.5000000000000002,0.0,1.2500000000000002,0.25,0.25,46.75,9.25,1.0000000000000002,0.2,0.25,95,9.25,-4.447717071996351,"{""p1"": 0.31245182531573273, ""p2"": 0.31245182531573273, ""pf"": 0.31245182531573273}",ROBUST_UNCERTIFIED,1101
4,1,1,1,0,14,20,2.220446049250313e-16,0.7929318157822878,0.20706818421771223,SUCCESS_EXACT,0,False,17.74702470491091,False,3.008211806313692e-17,6.25,28.125,1.5625000000000004,1.5625000000000002,7.500000000000002,2.5000000000000004,0.0,0.0,1.5625,1.5625,1.5625000000000004,1.5625000000000002,1.2500000000000002,1.2500000000000002,0.0,0.0,47.5,8.5,1.0000000000000002,0.0,0.0,95,8.5,-6.405292459710942,"{""p1"": 0.31245182531573273, ""p2"": 0.31245182531573273, ""pf"": 0.31245182531573273}",ROBUST_UNCERTIFIED,1110
4,1,1,1,1,18,24,2.220446049250313e-16,0.6687403049764222,0.33125969502357777,SUCCESS_EXACT,0,False,14.833370582267325,False,8.349974940336124e-18,5.0,22.5,1.5000000000000002,1.5000000000000002,7.500000000000001,2.5000000000000004,1.25,0.0,1.25,1.25,1.5000000000000002,1.5000000000000002,1.2500000000000002,1.2500000000000002,0.25,0.0,41.75,14.25,1.0000000000000002,0.0,0.0,95,14.25,6.276702002867793,"{""p1"": 0.31245182531573273, ""p2"": 0.31245182531573273, ""pf"": 0.31245182531573273}",ROBUST_UNCERTIFIED,1111
5,0,0,0,0,17,20,0.0,0.8115373877623252,0.1884626122376748,SUCCESS_EXACT,0,False,25.934739703533975,False,3.49561173311529e-17,6.172839506172841,27.777777777777775,0.0,0.0,9.259259259259261,0.0,0.0,5.4320987654321,1.5432098765432103,1.5432098765432103,0.0,0.0,0.0,1.5432098765432103,0.0,0.54320987654321,48.641975308641975,7.358024691358025,1.0000000000000002,0.35200000000000004,0.54320987654321,90,7.358024691358025,-15.316786481209391,"{""p1"": 0.18307901081197567, ""p2"": 0.2997658618400198, ""pf"": 0.18307901081197567}",ROBUST_UNCERTIFIED,0000
5,0,0,0,1,33,36,0.0,1.0000000000000004,-4.440892098500626e-16,NON_ABSORBING,3,False,,,,,,,,,,,,,,,,,,,,,,,,,90,-inf,-inf,"{""p1"": 0.045870556724087796, ""p2"": 0.12150361354262595, ""pf"": 0.045870556724087796}",ROBUST_UNCERTIFIED,0001
5,0,0,1,0,17,20,0.0,0.8115373877623252,0.1884626122376748,SUCCESS_EXACT,0,False,25.934739703533975,False,3.906025175223904e-17,6.172839506172841,27.777777777777775,0.0,0.0,9.259259259259261,3.0864197530864206,0.0,0.0,1.5432098765432103,1.5432098765432103,0.0,0.0,1.5432098765432103,1.5432098765432103,0.0,0.0,46.2962962962963,9.703703703703702,1.0000000000000002,0.0,0.0,90,9.703703703703702,-8.19746301148109,"{""p1"": 0.18307901081197567, ""p2"": 0.2997658618400198, ""pf"": 0.18307901081197567}",ROBUST_UNCERTIFIED,0010
5,0,0,1,1,33,36,0.0,1.0000000000000004,-4.440892098500626e-16,NON_ABSORBING,3,False,,,,,,,,,,,,,,,,,,,,,,,,,90,-inf,-inf,"{""p1"": 0.045870556724087796, ""p2"": 0.12150361354262595, ""pf"": 0.045870556724087796}",ROBUST_UNCERTIFIED,0011
5,0,1,0,0,15,20,0.0,0.7699320969291034,0.23006790307089664,SUCCESS_EXACT,0,False,19.48450117561043,False,3.665027413247622e-17,4.938271604938271,27.777777777777782,0.0,1.54320987654321,7.407407407407408,0.0,0.0,2.345679012345679,1.2345679012345678,1.54320987654321,0.0,1.54320987654321,0.0,1.234567901234568,0.0,0.23456790123456792,44.01234567901235,11.987654320987652,1.0000000000000002,0.19000000000000003,0.23456790123456792,90,11.987654320987652,-4.6272300298724645,"{""p1"": 0.18307901081197567, ""p2"": 0.2997658618400198, ""pf"": 0.18307901081197567}",ROBUST_UNCERTIFIED,0100
5,0,1,0,1,23,28,0.0,1.0000000000000004,-4.440892098500626e-16,NON_ABSORBING,1,False,,,,,,,,,,,,,,,,,,,,,,,,,90,-inf,-inf,"{""p1"": 0.045870556724087796, ""p2"": 0.12150361354262595, ""pf"": 0.045870556724087796}",ROBUST_UNCERTIFIED,0101
5,0,1,1,0,15,20,0.0,0.7699320969291034,0.23006790307089664,SUCCESS_EXACT,0,False,19.48450117561043,False,3.9116874669167264e-17,4.938271604938271,27.777777777777782,0.0,1.54320987654321,7.407407407407408,2.469135802469136,0.0,0.0,1.2345679012345678,1.54320987654321,0.0,1.54320987654321,1.234567901234568,1.234567901234568,0.0,0.0,44.135802469135804,11.864197530864196,1.0000000000000002,0.0,0.0,90,11.864197530864196,-2.639695314165351,"{""p1"": 0.18307901081197567, ""p2"": 0.2997658618400198, ""pf"": 0.18307901081197567}",ROBUST_UNCERTIFIED,0110
5,0,1,1,1,23,28,0.0,1.0000000000000004,-4.440892098500626e-16,NON_ABSORBING,1,False,,,,,,,,,,,,,,,,,,,,,,,,,90,-inf,-inf,"{""p1"": 0.045870556724087796, ""p2"": 0.12150361354262595, ""pf"": 0.045870556724087796}",ROBUST_UNCERTIFIED,0111
5,1,0,0,0,13,18,0.0,0.7863274241347185,0.21367257586528154,SUCCESS_EXACT,0,False,18.6599699609766,False,1.2624268589488177e-17,6.172839506172841,25.0,12.345679012345682,0.0,8.333333333333334,0.0,0.0,3.8888888888888893,1.5432098765432103,1.3888888888888886,1.5432098765432103,0.0,0.0,1.388888888888889,0.0,0.3888888888888889,55.74074074074075,0.2592592592592524,1.0000000000000002,0.28,0.3888888888888889,90,0.2592592592592524,-19.115807522853274,"{""p1"": 0.18307901081197567, ""p2"": 0.2997658618400198, ""pf"": 0.18307901081197567}",ROBUST_UNCERTIFIED,1000
5,1,0,0,1,21,26,0.0,1.0000000000000004,-4.440892098500626e-16,NON_ABSORBING,1,False,,,,,,,,,,,,,,,,,,,,,,,,,90,-inf,-inf,"{""p1"": 0.045870556724087796, ""p2"": 0.12150361354262595, ""pf"": 0.045870556724087796}",ROBUST_UNCERTIFIED,1001
5,1,0,1,0,13,18,0.0,0.7863274241347185,0.21367257586528154,SUCCESS_EXACT,0,False,18.6599699609766,False,1.3992135331248695e-17,6.172839506172841,25.0,12.345679012345682,0.0,8.333333333333334,2.777777777777778,0.0,0.0,1.5432098765432103,1.3888888888888886,1.5432098765432103,0.0,1.388888888888889,1.388888888888889,0.0,0.0,54.62962962962964,1.3703703703703596,1.0000000000000002,0.0,0.0,90,1.3703703703703596,-15.130672859733082,"{""p1"": 0.18307901081197567, ""p2"": 0.2997658618400198, ""pf"": 0.18307901081197567}",ROBUST_UNCERTIFIED,1010
5,1,0,1,1,21,26,0.0,1.0000000000000004,-4.440892098500626e-16,NON_ABSORBING,1,False,,,,,,,,,,,,,,,,,,,,,,,,,90,-inf,-inf,"{""p1"": 0.045870556724087796, ""p2"": 0.12150361354262595, ""pf"": 0.045870556724087796}",ROBUST_UNCERTIFIED,1011
5,1,1,0,0,14,20,0.0,0.71945795204492,0.28054204795508,SUCCESS_EXACT,0,False,15.921879068635855,False,1.2576374562221103e-17,4.938271604938271,25.0,9.876543209876544,1.388888888888889,6.666666666666668,0.0,0.0,1.111111111111111,1.2345679012345678,1.388888888888889,1.234567901234568,1.388888888888889,0.0,1.1111111111111114,0.0,0.1111111111111111,48.98148148148149,7.018518518518512,1.0000000000000002,0.09999999999999999,0.1111111111111111,90,7.018518518518512,-4.781734334233612,"{""p1"": 0.18307901081197567, ""p2"": 0.2997658618400198, ""pf"": 0.18307901081197567}",ROBUST_UNCERTIFIED,1100
5,1,1,0,1,18,24,0.0,0.5848035476425734,0.41519645235742664,SUCCESS_EXACT,0,False,14.362386947579685,False,1.1214443796707723e-17,4.444444444444445,22.5,9.77777777777778,1.3611111111111114,6.666666666666668,0.0,0.5555555555555555,1.111111111111111,1.1111111111111112,1.25,1.2222222222222225,1.3611111111111114,0.0,1.1111111111111114,0.1111111111111111,0.1111111111111111,46.41666666666667,9.583333333333329,1.0000000000000002,0.09999999999999999,0.1111111111111111,90,9.583333333333329,1.4536578791792891,"{""p1"": 0.18307901081197567, ""p2"": 0.2997658618400198, ""pf"": 0.18307901081197567}",ROBUST_UNCERTIFIED,1101
5,1,1,1,0,14,20,0.0,0.71945795204492,0.28054204795508,SUCCESS_EXACT,0,False,15.921879068635855,False,1.225085272007476e-17,4.938271604938271,25.0,9.876543209876544,1.388888888888889,6.666666666666668,2.2222222222222228,0.0,0.0,1.2345679012345678,1.388888888888889,1.234567901234568,1.388888888888889,1.1111111111111114,1.1111111111111114,0.0,0.0,50.0925925925926,5.907407407407398,1.0000000000000002,0.0,0.0,90,5.907407407407398,-4.988865616352371,"{""p1"": 0.18307901081197567, ""p2"": 0.2997658618400198, ""pf"": 0.18307901081197567}",ROBUST_UNCERTIFIED,1110
5,1,1,1,1,18,24,0.0,0.5848035476425734,0.41519645235742664,SUCCESS_EXACT,0,False,14.362386947579685,False,1.1733591324110249e-17,4.444444444444445,22.5,9.77777777777778,1.3611111111111114,6.666666666666668,2.2222222222222228,0.5555555555555555,0.0,1.1111111111111112,1.25,1.2222222222222225,1.3611111111111114,1.1111111111111114,1.1111111111111114,0.1111111111111111,0.0,47.527777777777786,8.472222222222214,1.0000000000000002,0.0,0.0,90,8.472222222222214,1.246526597060523,"{""p1"": 0.18307901081197567, ""p2"": 0.2997658618400198, ""pf"": 0.18307901081197567}",ROBUST_UNCERTIFIED,1111
5,0,0,0,0,17,20,0.0,0.8115373877623252,0.1884626122376748,SUCCESS_EXACT,0,False,25.934739703533975,False,3.49561173311529e-17,6.172839506172841,27.777777777777775,0.0,0.0,9.259259259259261,0.0,0.0,5.4320987654321,1.5432098765432103,1.5432098765432103,0.0,0.0,0.0,1.5432098765432103,0.0,0.54320987654321,48.641975308641975,7.358024691358025,1.0000000000000002,0.35200000000000004,0.54320987654321,95,7.358024691358025,-19.115460375081952,"{""p1"": 0.19418377920641908, ""p2"": 0.31245182531573273, ""pf"": 0.19418377920641908}",ROBUST_UNCERTIFIED,0000
5,0,0,0,1,33,36,0.0,1.0000000000000004,-4.440892098500626e-16,NON_ABSORBING,3,False,,,,,,,,,,,,,,,,,,,,,,,,,95,-inf,-inf,"{""p1"": 0.04119586025090358, ""p2"": 0.11361675058609902, ""pf"": 0.04119586025090358}",ROBUST_UNCERTIFIED,0001
5,0,0,1,0,17,20,0.0,0.8115373877623252,0.1884626122376748,SUCCESS_EXACT,0,False,25.934739703533975,False,3.906025175223904e-17,6.172839506172841,27.777777777777775,0.0,0.0,9.259259259259261,3.0864197530864206,0.0,0.0,1.5432098765432103,1.5432098765432103,0.0,0.0,1.5432098765432103,1.5432098765432103,0.0,0.0,46.2962962962963,9.703703703703702,1.0000000000000002,0.0,0.0,95,9.703703703703702,-11.19641608559101,"{""p1"": 0.19418377920641908, ""p2"": 0.31245182531573273, ""pf"": 0.19418377920641908}",ROBUST_UNCERTIFIED,0010
5,0,0,1,1,33,36,0.0,1.0000000000000004,-4.440892098500626e-16,NON_ABSORBING,3,False,,,,,,,,,,,,,,,,,,,,,,,,,95,-inf,-inf,"{""p1"": 0.04119586025090358, ""p2"": 0.11361675058609902, ""pf"": 0.04119586025090358}",ROBUST_UNCERTIFIED,0011
5,0,1,0,0,15,20,0.0,0.7699320969291034,0.23006790307089664,SUCCESS_EXACT,0,False,19.48450117561043,False,3.665027413247622e-17,4.938271604938271,27.777777777777782,0.0,1.54320987654321,7.407407407407408,0.0,0.0,2.345679012345679,1.2345679012345678,1.54320987654321,0.0,1.54320987654321,0.0,1.234567901234568,0.0,0.23456790123456792,44.01234567901235,11.987654320987652,1.0000000000000002,0.19000000000000003,0.23456790123456792,95,11.987654320987652,-7.358245670856064,"{""p1"": 0.19418377920641908, ""p2"": 0.31245182531573273, ""pf"": 0.19418377920641908}",ROBUST_UNCERTIFIED,0100
5,0,1,0,1,23,28,0.0,1.0000000000000004,-4.440892098500626e-16,NON_ABSORBING,1,False,,,,,,,,,,,,,,,,,,,,,,,,,95,-inf,-inf,"{""p1"": 0.04119586025090358, ""p2"": 0.11361675058609902, ""pf"": 0.04119586025090358}",ROBUST_UNCERTIFIED,0101
5,0,1,1,0,15,20,0.0,0.7699320969291034,0.23006790307089664,SUCCESS_EXACT,0,False,19.48450117561043,False,3.9116874669167264e-17,4.938271604938271,27.777777777777782,0.0,1.54320987654321,7.407407407407408,2.469135802469136,0.0,0.0,1.2345679012345678,1.54320987654321,0.0,1.54320987654321,1.234567901234568,1.234567901234568,0.0,0.0,44.135802469135804,11.864197530864196,1.0000000000000002,0.0,0.0,95,11.864197530864196,-5.0380394775300275,"{""p1"": 0.19418377920641908, ""p2"": 0.31245182531573273, ""pf"": 0.19418377920641908}",ROBUST_UNCERTIFIED,0110
5,0,1,1,1,23,28,0.0,1.0000000000000004,-4.440892098500626e-16,NON_ABSORBING,1,False,,,,,,,,,,,,,,,,,,,,,,,,,95,-inf,-inf,"{""p1"": 0.04119586025090358, ""p2"": 0.11361675058609902, ""pf"": 0.04119586025090358}",ROBUST_UNCERTIFIED,0111
5,1,0,0,0,13,18,0.0,0.7863274241347185,0.21367257586528154,SUCCESS_EXACT,0,False,18.6599699609766,False,1.2624268589488177e-17,6.172839506172841,25.0,12.345679012345682,0.0,8.333333333333334,0.0,0.0,3.8888888888888893,1.5432098765432103,1.3888888888888886,1.5432098765432103,0.0,0.0,1.388888888888889,0.0,0.3888888888888889,55.74074074074075,0.2592592592592524,1.0000000000000002,0.28,0.3888888888888889,95,0.2592592592592524,-22.24625676999551,"{""p1"": 0.19418377920641908, ""p2"": 0.31245182531573273, ""pf"": 0.19418377920641908}",ROBUST_UNCERTIFIED,1000
5,1,0,0,1,21,26,0.0,1.0000000000000004,-4.440892098500626e-16,NON_ABSORBING,1,False,,,,,,,,,,,,,,,,,,,,,,,,,95,-inf,-inf,"{""p1"": 0.04119586025090358, ""p2"": 0.11361675058609902, ""pf"": 0.04119586025090358}",ROBUST_UNCERTIFIED,1001
5,1,0,1,0,13,18,0.0,0.7863274241347185,0.21367257586528154,SUCCESS_EXACT,0,False,18.6599699609766,False,1.3992135331248695e-17,6.172839506172841,25.0,12.345679012345682,0.0,8.333333333333334,2.777777777777778,0.0,0.0,1.5432098765432103,1.3888888888888886,1.5432098765432103,0.0,1.388888888888889,1.388888888888889,0.0,0.0,54.62962962962964,1.3703703703703596,1.0000000000000002,0.0,0.0,95,1.3703703703703596,-17.806800220405137,"{""p1"": 0.19418377920641908, ""p2"": 0.31245182531573273, ""pf"": 0.19418377920641908}",ROBUST_UNCERTIFIED,1010
5,1,0,1,1,21,26,0.0,1.0000000000000004,-4.440892098500626e-16,NON_ABSORBING,1,False,,,,,,,,,,,,,,,,,,,,,,,,,95,-inf,-inf,"{""p1"": 0.04119586025090358, ""p2"": 0.11361675058609902, ""pf"": 0.04119586025090358}",ROBUST_UNCERTIFIED,1011
5,1,1,0,0,14,20,0.0,0.71945795204492,0.28054204795508,SUCCESS_EXACT,0,False,15.921879068635855,False,1.2576374562221103e-17,4.938271604938271,25.0,9.876543209876544,1.388888888888889,6.666666666666668,0.0,0.0,1.111111111111111,1.2345679012345678,1.388888888888889,1.234567901234568,1.388888888888889,0.0,1.1111111111111114,0.0,0.1111111111111111,48.98148148148149,7.018518518518512,1.0000000000000002,0.09999999999999999,0.1111111111111111,95,7.018518518518512,-6.629662583473518,"{""p1"": 0.19418377920641908, ""p2"": 0.31245182531573273, ""pf"": 0.19418377920641908}",ROBUST_UNCERTIFIED,1100
5,1,1,0,1,18,24,0.0,0.5848035476425734,0.41519645235742664,SUCCESS_EXACT,0,False,14.362386947579685,False,1.1214443796707723e-17,4.444444444444445,22.5,9.77777777777778,1.3611111111111114,6.666666666666668,0.0,0.5555555555555555,1.111111111111111,1.1111111111111112,1.25,1.2222222222222225,1.3611111111111114,0.0,1.1111111111111114,0.1111111111111111,0.1111111111111111,46.41666666666667,9.583333333333329,1.0000000000000002,0.09999999999999999,0.1111111111111111,95,9.583333333333329,0.2445073015837096,"{""p1"": 0.19418377920641908, ""p2"": 0.31245182531573273, ""pf"": 0.19418377920641908}",ROBUST_UNCERTIFIED,1101
5,1,1,1,0,14,20,0.0,0.71945795204492,0.28054204795508,SUCCESS_EXACT,0,False,15.921879068635855,False,1.225085272007476e-17,4.938271604938271,25.0,9.876543209876544,1.388888888888889,6.666666666666668,2.2222222222222228,0.0,0.0,1.2345679012345678,1.388888888888889,1.234567901234568,1.388888888888889,1.1111111111111114,1.1111111111111114,0.0,0.0,50.0925925925926,5.907407407407398,1.0000000000000002,0.0,0.0,95,5.907407407407398,-6.701840589369866,"{""p1"": 0.19418377920641908, ""p2"": 0.31245182531573273, ""pf"": 0.19418377920641908}",ROBUST_UNCERTIFIED,1110
5,1,1,1,1,18,24,0.0,0.5848035476425734,0.41519645235742664,SUCCESS_EXACT,0,False,14.362386947579685,False,1.1733591324110249e-17,4.444444444444445,22.5,9.77777777777778,1.3611111111111114,6.666666666666668,2.2222222222222228,0.5555555555555555,0.0,1.1111111111111112,1.25,1.2222222222222225,1.3611111111111114,1.1111111111111114,1.1111111111111114,0.1111111111111111,0.0,47.527777777777786,8.472222222222214,1.0000000000000002,0.0,0.0,95,8.472222222222214,0.1723292956873692,"{""p1"": 0.19418377920641908, ""p2"": 0.31245182531573273, ""pf"": 0.19418377920641908}",ROBUST_UNCERTIFIED,1111
6,0,0,0,0,17,20,1.1102230246251565e-16,0.6773905465685955,0.32260945343140446,SUCCESS_EXACT,0,False,22.014824588091464,False,8.445142093663105e-18,4.665403119988335,20.994314039947515,0.0,0.0,6.998104679982505,0.0,0.0,1.6635077999708419,1.1663507799970838,1.1663507799970838,0.0,0.0,0.0,1.1663507799970843,0.0,0.16635077999708417,34.3213296398892,21.6786703601108,1.0,0.14262500000000003,0.16635077999708417,90,21.6786703601108,10.482440082723663,"{""p1"": 0.11871223214172384, ""p2"": 0.11871223214172384, ""pf"": 0.11871223214172384}",ROBUST_UNCERTIFIED,0000
6,0,0,0,1,33,36,1.1102230246251565e-16,1.0000000000000004,-4.440892098500626e-16,NON_ABSORBING,3,False,,,,,,,,,,,,,,,,,,,,,,,,,90,-inf,-inf,"{""p1"": 0.014769078866146415, ""p2"": 0.014769078866146415, ""pf"": 0.014769078866146415}",ROBUST_UNCERTIFIED,0001
6,0,0,1,0,17,20,1.1102230246251565e-16,0.6773905465685955,0.32260945343140446,SUCCESS_EXACT,0,False,22.014824588091464,False,1.0941674919897941e-17,4.665403119988335,20.994314039947515,0.0,0.0,6.998104679982505,3.4990523399912523,0.0,0.0,1.1663507799970838,1.1663507799970838,0.0,0.0,1.1663507799970843,1.1663507799970843,0.0,0.0,36.15687417990961,19.843125820090393,1.0,0.0,0.0,90,19.843125820090393,10.709359014853518,"{""p1"": 0.11871223214172384, ""p2"": 0.11871223214172384, ""pf"": 0.11871223214172384}",ROBUST_UNCERTIFIED,0010
6,0,0,1,1,33,36,1.1102230246251565e-16,1.0000000000000004,-4.440892098500626e-16,NON_ABSORBING,3,False,,,,,,,,,,,,,,,,,,,,,,,,,90,-inf,-inf,"{""p1"": 0.014769078866146415, ""p2"": 0.014769078866146415, ""pf"": 0.014769078866146415}",ROBUST_UNCERTIFIED,0011
6,0,1,0,0,15,20,1.1102230246251565e-16,0.6472208949305099,0.35277910506949006,SUCCESS_EXACT,0,False,18.062487827775623,False,1.7671436803378677e-17,4.432132963988919,20.994314039947515,0.0,3.4990523399912523,6.64819944598338,0.0,0.0,1.0803324099722995,1.1080332409972298,1.166350779997084,0.0,1.1663507799970843,0.0,1.10803324099723,0.0,0.10803324099722997,36.65403119988336,19.345968800116637,1.0,0.09750000000000004,0.10803324099722997,90,19.345968800116637,9.568218752855408,"{""p1"": 0.11871223214172384, ""p2"": 0.11871223214172384, ""pf"": 0.11871223214172384}",ROBUST_UNCERTIFIED,0100
6,0,1,0,1,23,28,1.1102230246251565e-16,1.0000000000000004,-4.440892098500626e-16,NON_ABSORBING,1,False,,,,,,,,,,,,,,,,,,,,,,,,,90,-inf,-inf,"{""p1"": 0.014769078866146415, ""p2"": 0.014769078866146415, ""pf"": 0.014769078866146415}",ROBUST_UNCERTIFIED,0101
6,0,1,1,0,15,20,1.1102230246251565e-16,0.6472208949305099,0.35277910506949006,SUCCESS_EXACT,0,False,18.062487827775623,False,1.8357407371640586e-17,4.432132963988919,20.994314039947515,0.0,3.4990523399912523,6.64819944598338,3.32409972299169,0.0,0.0,1.1080332409972298,1.166350779997084,0.0,1.1663507799970843,1.10803324099723,1.10803324099723,0.0,0.0,38.89779851290275,17.102201487097247,1.0,0.0,0.0,90,17.102201487097247,8.581077310619676,"{""p1"": 0.11871223214172384, ""p2"": 0.11871223214172384, ""pf"": 0.11871223214172384}",ROBUST_UNCERTIFIED,0110
6,0,1,1,1,23,28,1.1102230246251565e-16,1.0000000000000004,-4.440892098500626e-16,NON_ABSORBING,1,False,,,,,,,,,,,,,,,,,,,,,,,,,90,-inf,-inf,"{""p1"": 0.014769078866146415, ""p2"": 0.014769078866146415, ""pf"": 0.014769078866146415}",ROBUST_UNCERTIFIED,0111
6,1,0,0,0,13,18,1.1102230246251565e-16,0.6378732674904227,0.3621267325095773,SUCCESS_EXACT,0,False,16.48100376673199,False,3.6646263218987686e-18,4.665403119988336,19.94459833795014,2.3327015599941685,0.0,6.64819944598338,0.0,0.0,1.0803324099722997,1.166350779997084,1.1080332409972298,1.1663507799970843,0.0,0.0,1.10803324099723,0.0,0.10803324099722997,34.671234873888324,21.328765126111676,1.0,0.09750000000000004,0.10803324099722997,90,21.328765126111676,13.457327920462276,"{""p1"": 0.11871223214172384, ""p2"": 0.11871223214172384, ""pf"": 0.11871223214172384}",ROBUST_UNCERTIFIED,1000
6,1,0,0,1,21,26,1.1102230246251565e-16,1.0000000000000004,-4.440892098500626e-16,NON_ABSORBING,1,False,,,,,,,,,,,,,,,,,,,,,,,,,90,-inf,-inf,"{""p1"": 0.014769078866146415, ""p2"": 0.014769078866146415, ""pf"": 0.014769078866146415}",ROBUST_UNCERTIFIED,1001
6,1,0,1,0,13,18,1.1102230246251565e-16,0.6378732674904227,0.3621267325095773,SUCCESS_EXACT,0,False,16.48100376673199,False,4.480492861879909e-18,4.665403119988336,19.94459833795014,2.3327015599941685,0.0,6.64819944598338,3.32409972299169,0.0,0.0,1.166350779997084,1.1080332409972298,1.1663507799970843,0.0,1.10803324099723,1.10803324099723,0.0,0.0,36.915002186907714,19.084997813092286,1.0,0.0,0.0,90,19.084997813092286,12.470186478226537,"{""p1"": 0.11871223214172384, ""p2"": 0.11871223214172384, ""pf"": 0.11871223214172384}",ROBUST_UNCERTIFIED,1010
6,1,0,1,1,21,26,1.1102230246251565e-16,1.0000000000000004,-4.440892098500626e-16,NON_ABSORBING,1,False,,,,,,,,,,,,,,,,,,,,,,,,,90,-inf,-inf,"{""p1"": 0.014769078866146415, ""p2"": 0.014769078866146415, ""pf"": 0.014769078866146415}",ROBUST_UNCERTIFIED,1011
6,1,1,0,0,14,20,1.1102230246251565e-16,0.5875643685910307,0.4124356314089693,SUCCESS_EXACT,0,False,14.559961219064965,False,6.37328835205135e-18,4.432132963988919,19.94459833795014,2.21606648199446,3.32409972299169,6.315789473684211,0.0,0.0,0.5263157894736847,1.1080332409972298,1.1080332409972298,1.10803324099723,1.10803324099723,0.0,1.0526315789473684,0.0,0.052631578947368474,36.75900277008311,19.240997229916893,1.0,0.050000000000000044,0.052631578947368474,90,19.240997229916893,13.08086670486486,"{""p1"": 0.11871223214172384, ""p2"": 0.11871223214172384, ""pf"": 0.11871223214172384}",ROBUST_UNCERTIFIED,1100
6,1,1,0,1,18,24,1.1102230246251565e-16,0.47287080450158814,0.5271291954984119,SUCCESS_EXACT,0,False,13.653402789659383,False,1.3264008792358669e-17,4.210526315789474,18.94736842105263,2.210526315789474,3.3157894736842106,6.315789473684211,0.0,2.105263157894739,0.5263157894736847,1.0526315789473686,1.0526315789473686,1.105263157894737,1.105263157894737,0.0,1.0526315789473684,0.05263157894736847,0.05263157894736847,37.631578947368425,18.368421052631575,1.0,0.050000000000000044,0.05263157894736847,90,18.368421052631575,11.146123423612892,"{""p1"": 0.11871223214172384, ""p2"": 0.11871223214172384, ""pf"": 0.11871223214172384}",ROBUST_UNCERTIFIED,1101
6,1,1,1,0,14,20,1.1102230246251565e-16,0.5875643685910307,0.4124356314089693,SUCCESS_EXACT,0,False,14.559961219064965,False,8.018121501718974e-18,4.432132963988919,19.94459833795014,2.21606648199446,3.32409972299169,6.315789473684211,3.1578947368421053,0.0,0.0,1.1080332409972298,1.1080332409972298,1.10803324099723,1.10803324099723,1.0526315789473684,1.0526315789473684,0.0,0.0,39.390581717451525,16.609418282548475,1.0,0.0,0.0,90,16.609418282548475,11.023788705259292,"{""p1"": 0.11871223214172384, ""p2"": 0.11871223214172384, ""pf"": 0.11871223214172384}",ROBUST_UNCERTIFIED,1110
6,1,1,1,1,18,24,1.1102230246251565e-16,0.47287080450158814,0.5271291954984119,SUCCESS_EXACT,0,False,13.653402789659383,False,1.4316750451131464e-17,4.210526315789474,18.94736842105263,2.210526315789474,3.3157894736842106,6.315789473684211,3.1578947368421053,2.105263157894739,0.0,1.0526315789473686,1.0526315789473686,1.105263157894737,1.105263157894737,1.0526315789473684,1.0526315789473684,0.05263157894736847,0.0,40.26315789473684,15.736842105263158,1.0,0.0,0.0,90,15.736842105263158,9.089045424007324,"{""p1"": 0.11871223214172384, ""p2"": 0.11871223214172384, ""pf"": 0.11871223214172384}",ROBUST_UNCERTIFIED,1111
6,0,0,0,0,17,20,1.1102230246251565e-16,0.6773905465685955,0.32260945343140446,SUCCESS_EXACT,0,False,22.014824588091464,False,8.445142093663105e-18,4.665403119988335,20.994314039947515,0.0,0.0,6.998104679982505,0.0,0.0,1.6635077999708419,1.1663507799970838,1.1663507799970838,0.0,0.0,0.0,1.1663507799970843,0.0,0.16635077999708417,34.3213296398892,21.6786703601108,1.0,0.14262500000000003,0.16635077999708417,95,21.6786703601108,8.623012675964034,"{""p1"": 0.12833698620661416, ""p2"": 0.12833698620661416, ""pf"": 0.12833698620661416}",ROBUST_UNCERTIFIED,0000
6,0,0,0,1,33,36,1.1102230246251565e-16,1.0000000000000004,-4.440892098500626e-16,NON_ABSORBING,3,False,,,,,,,,,,,,,,,,,,,,,,,,,95,-inf,-inf,"{""p1"": 0.012393591163241431, ""p2"": 0.012393591163241431, ""pf"": 0.012393591163241431}",ROBUST_UNCERTIFIED,0001
6,0,0,1,0,17,20,1.1102230246251565e-16,0.6773905465685955,0.32260945343140446,SUCCESS_EXACT,0,False,22.014824588091464,False,1.0941674919897941e-17,4.665403119988335,20.994314039947515,0.0,0.0,6.998104679982505,3.4990523399912523,0.0,0.0,1.1663507799970838,1.1663507799970838,0.0,0.0,1.1663507799970843,1.1663507799970843,0.0,0.0,36.15687417990961,19.843125820090393,1.0,0.0,0.0,95,19.843125820090393,9.192457709339081,"{""p1"": 0.12833698620661416, ""p2"": 0.12833698620661416, ""pf"": 0.12833698620661416}",ROBUST_UNCERTIFIED,0010
6,0,0,1,1,33,36,1.1102230246251565e-16,1.0000000000000004,-4.440892098500626e-16,NON_ABSORBING,3,False,,,,,,,,,,,,,,,,,,,,,,,,,95,-inf,-inf,"{""p1"": 0.012393591163241431, ""p2"": 0.012393591163241431, ""pf"": 0.012393591163241431}",ROBUST_UNCERTIFIED,0011
6,0,1,0,0,15,20,1.1102230246251565e-16,0.6472208949305099,0.35277910506949006,SUCCESS_EXACT,0,False,18.062487827775623,False,1.7671436803378677e-17,4.432132963988919,20.994314039947515,0.0,3.4990523399912523,6.64819944598338,0.0,0.0,1.0803324099722995,1.1080332409972298,1.166350779997084,0.0,1.1663507799970843,0.0,1.10803324099723,0.0,0.10803324099722997,36.65403119988336,19.345968800116637,1.0,0.09750000000000004,0.10803324099722997,95,19.345968800116637,7.9688240086885,"{""p1"": 0.12833698620661416, ""p2"": 0.12833698620661416, ""pf"": 0.12833698620661416}",ROBUST_UNCERTIFIED,0100
6,0,1,0,1,23,28,1.1102230246251565e-16,1.0000000000000004,-4.440892098500626e-16,NON_ABSORBING,1,False,,,,,,,,,,,,,,,,,,,,,,,,,95,-inf,-inf,"{""p1"": 0.012393591163241431, ""p2"": 0.012393591163241431, ""pf"": 0.012393591163241431}",ROBUST_UNCERTIFIED,0101
6,0,1,1,0,15,20,1.1102230246251565e-16,0.6472208949305099,0.35277910506949006,SUCCESS_EXACT,0,False,18.062487827775623,False,1.8357407371640586e-17,4.432132963988919,20.994314039947515,0.0,3.4990523399912523,6.64819944598338,3.32409972299169,0.0,0.0,1.1080332409972298,1.166350779997084,0.0,1.1663507799970843,1.10803324099723,1.10803324099723,0.0,0.0,38.89779851290275,17.102201487097247,1.0,0.0,0.0,95,17.102201487097247,7.181818320603725,"{""p1"": 0.12833698620661416, ""p2"": 0.12833698620661416, ""pf"": 0.12833698620661416}",ROBUST_UNCERTIFIED,0110
6,0,1,1,1,23,28,1.1102230246251565e-16,1.0000000000000004,-4.440892098500626e-16,NON_ABSORBING,1,False,,,,,,,,,,,,,,,,,,,,,,,,,95,-inf,-inf,"{""p1"": 0.012393591163241431, ""p2"": 0.012393591163241431, ""pf"": 0.012393591163241431}",ROBUST_UNCERTIFIED,0111
6,1,0,0,0,13,18,1.1102230246251565e-16,0.6378732674904227,0.3621267325095773,SUCCESS_EXACT,0,False,16.48100376673199,False,3.6646263218987686e-18,4.665403119988336,19.94459833795014,2.3327015599941685,0.0,6.64819944598338,0.0,0.0,1.0803324099722997,1.166350779997084,1.1080332409972298,1.1663507799970843,0.0,0.0,1.10803324099723,0.0,0.10803324099722997,34.671234873888324,21.328765126111676,1.0,0.09750000000000004,0.10803324099722997,95,21.328765126111676,12.191646170661713,"{""p1"": 0.12833698620661416, ""p2"": 0.12833698620661416, ""pf"": 0.12833698620661416}",ROBUST_UNCERTIFIED,1000
6,1,0,0,1,21,26,1.1102230246251565e-16,1.0000000000000004,-4.440892098500626e-16,NON_ABSORBING,1,False,,,,,,,,,,,,,,,,,,,,,,,,,95,-inf,-inf,"{""p1"": 0.012393591163241431, ""p2"": 0.012393591163241431, ""pf"": 0.012393591163241431}",ROBUST_UNCERTIFIED,1001
6,1,0,1,0,13,18,1.1102230246251565e-16,0.6378732674904227,0.3621267325095773,SUCCESS_EXACT,0,False,16.48100376673199,False,4.480492861879909e-18,4.665403119988336,19.94459833795014,2.3327015599941685,0.0,6.64819944598338,3.32409972299169,0.0,0.0,1.166350779997084,1.1080332409972298,1.1663507799970843,0.0,1.10803324099723,1.10803324099723,0.0,0.0,36.915002186907714,19.084997813092286,1.0,0.0,0.0,95,19.084997813092286,11.404640482576944,"{""p1"": 0.12833698620661416, ""p2"": 0.12833698620661416, ""pf"": 0.12833698620661416}",ROBUST_UNCERTIFIED,1010
6,1,0,1,1,21,26,1.1102230246251565e-16,1.0000000000000004,-4.440892098500626e-16,NON_ABSORBING,1,False,,,,,,,,,,,,,,,,,,,,,,,,,95,-inf,-inf,"{""p1"": 0.012393591163241431, ""p2"": 0.012393591163241431, ""pf"": 0.012393591163241431}",ROBUST_UNCERTIFIED,1011
6,1,1,0,0,14,20,1.1102230246251565e-16,0.5875643685910307,0.4124356314089693,SUCCESS_EXACT,0,False,14.559961219064965,False,6.37328835205135e-18,4.432132963988919,19.94459833795014,2.21606648199446,3.32409972299169,6.315789473684211,0.0,0.0,0.5263157894736847,1.1080332409972298,1.1080332409972298,1.10803324099723,1.10803324099723,0.0,1.0526315789473684,0.0,0.052631578947368474,36.75900277008311,19.240997229916893,1.0,0.050000000000000044,0.052631578947368474,95,19.240997229916893,12.108447338646194,"{""p1"": 0.12833698620661416, ""p2"": 0.12833698620661416, ""pf"": 0.12833698620661416}",ROBUST_UNCERTIFIED,1100
6,1,1,0,1,18,24,1.1102230246251565e-16,0.47287080450158814,0.5271291954984119,SUCCESS_EXACT,0,False,13.653402789659383,False,1.3264008792358669e-17,4.210526315789474,18.94736842105263,2.210526315789474,3.3157894736842106,6.315789473684211,0.0,2.105263157894739,0.5263157894736847,1.0526315789473686,1.0526315789473686,1.105263157894737,1.105263157894737,0.0,1.0526315789473684,0.05263157894736847,0.05263157894736847,37.631578947368425,18.368421052631575,1.0,0.050000000000000044,0.05263157894736847,95,18.368421052631575,10.043553979612781,"{""p1"": 0.12833698620661416, ""p2"": 0.12833698620661416, ""pf"": 0.12833698620661416}",ROBUST_UNCERTIFIED,1101
6,1,1,1,0,14,20,1.1102230246251565e-16,0.5875643685910307,0.4124356314089693,SUCCESS_EXACT,0,False,14.559961219064965,False,8.018121501718974e-18,4.432132963988919,19.94459833795014,2.21606648199446,3.32409972299169,6.315789473684211,3.1578947368421053,0.0,0.0,1.1080332409972298,1.1080332409972298,1.10803324099723,1.10803324099723,1.0526315789473684,1.0526315789473684,0.0,0.0,39.390581717451525,16.609418282548475,1.0,0.0,0.0,95,16.609418282548475,10.139073726631544,"{""p1"": 0.12833698620661416, ""p2"": 0.12833698620661416, ""pf"": 0.12833698620661416}",ROBUST_UNCERTIFIED,1110
6,1,1,1,1,18,24,1.1102230246251565e-16,0.47287080450158814,0.5271291954984119,SUCCESS_EXACT,0,False,13.653402789659383,False,1.4316750451131464e-17,4.210526315789474,18.94736842105263,2.210526315789474,3.3157894736842106,6.315789473684211,3.1578947368421053,2.105263157894739,0.0,1.0526315789473686,1.0526315789473686,1.105263157894737,1.105263157894737,1.0526315789473684,1.0526315789473684,0.05263157894736847,0.0,40.26315789473684,15.736842105263158,1.0,0.0,0.0,95,15.736842105263158,8.074180367598125,"{""p1"": 0.12833698620661416, ""p2"": 0.12833698620661416, ""pf"": 0.12833698620661416}",ROBUST_UNCERTIFIED,1111
