parameter,coverage,alpha_j,lower,upper,method,domain,case
p1,90,0.033333333333333326,0.045870556724087796,0.18307901081197567,clopper_pearson_fixed_n,q2,1
p2,90,0.033333333333333326,0.045870556724087796,0.18307901081197567,clopper_pearson_fixed_n,q2,1
pf,90,0.033333333333333326,0.045870556724087796,0.18307901081197567,clopper_pearson_fixed_n,q2,1
p1,95,0.01666666666666668,0.04119586025090358,0.19418377920641908,clopper_pearson_fixed_n,q2,1
p2,95,0.01666666666666668,0.04119586025090358,0.19418377920641908,clopper_pearson_fixed_n,q2,1
pf,95,0.01666666666666668,0.04119586025090358,0.19418377920641908,clopper_pearson_fixed_n,q2,1
p1,90,0.033333333333333326,0.12150361354262595,0.2997658618400198,clopper_pearson_fixed_n,q2,2
p2,90,0.033333333333333326,0.12150361354262595,0.2997658618400198,clopper_pearson_fixed_n,q2,2
pf,90,0.033333333333333326,0.12150361354262595,0.2997658618400198,clopper_pearson_fixed_n,q2,2
p1,95,0.01666666666666668,0.11361675058609902,0.31245182531573273,clopper_pearson_fixed_n,q2,2
p2,95,0.01666666666666668,0.11361675058609902,0.31245182531573273,clopper_pearson_fixed_n,q2,2
pf,95,0.01666666666666668,0.11361675058609902,0.31245182531573273,clopper_pearson_fixed_n,q2,2
p1,90,0.033333333333333326,0.045870556724087796,0.18307901081197567,clopper_pearson_fixed_n,q2,3
p2,90,0.033333333333333326,0.045870556724087796,0.18307901081197567,clopper_pearson_fixed_n,q2,3
pf,90,0.033333333333333326,0.045870556724087796,0.18307901081197567,clopper_pearson_fixed_n,q2,3
p1,95,0.01666666666666668,0.04119586025090358,0.19418377920641908,clopper_pearson_fixed_n,q2,3
p2,95,0.01666666666666668,0.04119586025090358,0.19418377920641908,clopper_pearson_fixed_n,q2,3
pf,95,0.01666666666666668,0.04119586025090358,0.19418377920641908,clopper_pearson_fixed_n,q2,3
p1,90,0.033333333333333326,0.12150361354262595,0.2997658618400198,clopper_pearson_fixed_n,q2,4
p2,90,0.033333333333333326,0.12150361354262595,0.2997658618400198,clopper_pearson_fixed_n,q2,4
pf,90,0.033333333333333326,0.12150361354262595,0.2997658618400198,clopper_pearson_fixed_n,q2,4
p1,95,0.01666666666666668,0.11361675058609902,0.31245182531573273,clopper_pearson_fixed_n,q2,4
p2,95,0.01666666666666668,0.11361675058609902,0.31245182531573273,clopper_pearson_fixed_n,q2,4
pf,95,0.01666666666666668,0.11361675058609902,0.31245182531573273,clopper_pearson_fixed_n,q2,4
p1,90,0.033333333333333326,0.045870556724087796,0.18307901081197567,clopper_pearson_fixed_n,q2,5
p2,90,0.033333333333333326,0.12150361354262595,0.2997658618400198,clopper_pearson_fixed_n,q2,5
pf,90,0.033333333333333326,0.045870556724087796,0.18307901081197567,clopper_pearson_fixed_n,q2,5
p1,95,0.01666666666666668,0.04119586025090358,0.19418377920641908,clopper_pearson_fixed_n,q2,5
p2,95,0.01666666666666668,0.11361675058609902,0.31245182531573273,clopper_pearson_fixed_n,q2,5
pf,95,0.01666666666666668,0.04119586025090358,0.19418377920641908,clopper_pearson_fixed_n,q2,5
p1,90,0.033333333333333326,0.014769078866146415,0.11871223214172384,clopper_pearson_fixed_n,q2,6
p2,90,0.033333333333333326,0.014769078866146415,0.11871223214172384,clopper_pearson_fixed_n,q2,6
pf,90,0.033333333333333326,0.014769078866146415,0.11871223214172384,clopper_pearson_fixed_n,q2,6
p1,95,0.01666666666666668,0.012393591163241431,0.12833698620661416,clopper_pearson_fixed_n,q2,6
p2,95,0.01666666666666668,0.012393591163241431,0.12833698620661416,clopper_pearson_fixed_n,q2,6
pf,95,0.01666666666666668,0.012393591163241431,0.12833698620661416,clopper_pearson_fixed_n,q2,6
part_1,90,0.008333333333333331,0.037201814163155066,0.20465301704801628,clopper_pearson_fixed_n,q3,
part_2,90,0.008333333333333331,0.037201814163155066,0.20465301704801628,clopper_pearson_fixed_n,q3,
part_3,90,0.008333333333333331,0.037201814163155066,0.20465301704801628,clopper_pearson_fixed_n,q3,
part_4,90,0.008333333333333331,0.037201814163155066,0.20465301704801628,clopper_pearson_fixed_n,q3,
part_5,90,0.008333333333333331,0.037201814163155066,0.20465301704801628,clopper_pearson_fixed_n,q3,
part_6,90,0.008333333333333331,0.037201814163155066,0.20465301704801628,clopper_pearson_fixed_n,q3,
part_7,90,0.008333333333333331,0.037201814163155066,0.20465301704801628,clopper_pearson_fixed_n,q3,
part_8,90,0.008333333333333331,0.037201814163155066,0.20465301704801628,clopper_pearson_fixed_n,q3,
semi_1,90,0.008333333333333331,0.037201814163155066,0.20465301704801628,clopper_pearson_fixed_n,q3,
semi_2,90,0.008333333333333331,0.037201814163155066,0.20465301704801628,clopper_pearson_fixed_n,q3,
semi_3,90,0.008333333333333331,0.037201814163155066,0.20465301704801628,clopper_pearson_fixed_n,q3,
final,90,0.008333333333333331,0.037201814163155066,0.20465301704801628,clopper_pearson_fixed_n,q3,
part_1,95,0.00416666666666667,0.033740730985233024,0.21460433585920963,clopper_pearson_fixed_n,q3,
part_2,95,0.00416666666666667,0.033740730985233024,0.21460433585920963,clopper_pearson_fixed_n,q3,
part_3,95,0.00416666666666667,0.033740730985233024,0.21460433585920963,clopper_pearson_fixed_n,q3,
part_4,95,0.00416666666666667,0.033740730985233024,0.21460433585920963,clopper_pearson_fixed_n,q3,
part_5,95,0.00416666666666667,0.033740730985233024,0.21460433585920963,clopper_pearson_fixed_n,q3,
part_6,95,0.00416666666666667,0.033740730985233024,0.21460433585920963,clopper_pearson_fixed_n,q3,
part_7,95,0.00416666666666667,0.033740730985233024,0.21460433585920963,clopper_pearson_fixed_n,q3,
part_8,95,0.00416666666666667,0.033740730985233024,0.21460433585920963,clopper_pearson_fixed_n,q3,
semi_1,95,0.00416666666666667,0.033740730985233024,0.21460433585920963,clopper_pearson_fixed_n,q3,
semi_2,95,0.00416666666666667,0.033740730985233024,0.21460433585920963,clopper_pearson_fixed_n,q3,
semi_3,95,0.00416666666666667,0.033740730985233024,0.21460433585920963,clopper_pearson_fixed_n,q3,
final,95,0.00416666666666667,0.033740730985233024,0.21460433585920963,clopper_pearson_fixed_n,q3,
